Code,Faction,Class,KB,D,HK,DD,HD,BA,BD,Honor,Win,Lose,Rol,BE
BG1,Alliance,Monk,0,2,17,1404,111000,,,213,,1,heal,
BG1,Horde,Shaman,2,4,17,23373,5920,,,358,1,,dps,
BG1,Alliance,Paladin,3,4,17,72205,35392,,,211,,1,dps,
BG1,Alliance,Demon Hunter,0,6,1,13751,1416,,,177,,1,dps,
BG1,Horde,Warlock,3,1,25,46804,16934,,,520,1,,dps,
BG1,Horde,Mage,4,1,16,39910,3120,1,,364,1,,dps,
BG1,Horde,Warrior,5,1,27,62571,17566,,,374,1,,dps,
BG1,Alliance,Priest,1,3,19,7340,48071,1,,216,,1,heal,
BG1,Alliance,Hunter,3,3,19,46793,11099,2,,218,,1,dps,
BG1,Alliance,Shaman,0,3,24,14956,70297,,,232,,1,heal,
BG1,Horde,Shaman,0,8,19,3896,70444,1,,508,1,,heal,
BG1,Horde,Warrior,4,0,30,38997,9283,1,,384,1,,dps,
BG1,Alliance,Mage,1,6,11,20832,8656,,,197,,1,dps,
BG1,Horde,Warlock,4,2,27,79679,31249,,,374,1,,dps,
BG1,Alliance,Monk,2,2,21,34753,11306,1,,224,,1,dps,
BG1,Alliance,Warrior,13,2,24,99446,16581,,,232,,1,dps,
BG1,Horde,Priest,1,3,18,16276,79725,1,,514,1,,heal,
BG1,Horde,Hunter,6,2,24,57857,17782,,,368,1,,dps,
BG1,Horde,Warrior,0,3,16,16256,3467,,,352,1,,dps,
BG1,Alliance,Hunter,0,1,7,9475,1849,,,189,,1,dps,
BG2,Alliance,Paladin,1,4,11,12144,4054,,,188,,1,dps,
BG2,Alliance,Demon Hunter,0,7,9,12337,6720,,,183,,1,dps,
BG2,Alliance,Demon Hunter,3,6,13,36969,3986,2,,194,,1,dps,
BG2,Alliance,Warrior,0,6,8,14450,3295,,,184,,1,dps,
BG2,Horde,Shaman,1,2,45,5337,55768,,,547,1,,heal,
BG2,Alliance,Druid,0,5,7,270,28254,,,183,,1,heal,
BG2,Alliance,Demon Hunter,1,0,4,8489,309,,,173,,1,dps,
BG2,Horde,Warlock,5,1,48,16152,8432,1,,405,1,,dps,
BG2,Horde,Warlock,4,2,52,31053,12454,,,411,1,,dps,
BG2,Horde,Priest,0,2,46,1484,39236,,,399,1,,heal,
BG2,Horde,Mage,3,1,49,31740,3400,,,405,1,,dps,
BG2,Horde,Hunter,11,0,54,35220,887,,,415,1,,dps,
BG2,Horde,Shaman,6,1,24,13117,1164,,,358,1,,dps,
BG2,Alliance,Warrior,2,5,9,17113,1766,,,187,,1,dps,
BG2,Alliance,Paladin,33,6,9,31140,8288,,,187,,1,dps,
BG2,Alliance,Paladin,4,8,10,49434,18988,,,185,,1,dps,
BG2,Horde,Mage,12,1,56,54907,3873,1,,419,1,,dps,
BG2,Horde,Death Knight,7,2,51,33027,17150,,,409,1,,dps,
BG2,Horde,Mage,6,2,51,38638,2456,1,,559,1,,dps,
BG2,Alliance,Shaman,0,9,10,6983,41303,,,186,,1,heal,
BG3,Alliance,Monk,0,6,4,9076,8398,,,143,,1,dps,
BG3,Horde,Death Knight,5,0,22,25425,6302,2,,520,1,,dps,
BG3,Horde,Hunter,4,1,29,30894,2304,,,377,1,,dps,
BG3,Horde,Druid,0,0,37,5414,70045,1,,542,1,,heal,
BG3,Horde,Warlock,6,1,24,25013,16005,,,367,1,,dps,
BG3,Alliance,Demon Hunter,0,6,6,8472,1798,1,,147,,1,dps,
BG3,Horde,Paladin,1,1,34,10538,24935,,,544,1,,heal,
BG3,Alliance,Monk,0,5,8,1556,44968,,,152,,1,heal,
BG3,Alliance,Druid,0,3,5,17832,2562,1,,146,,1,dps,
BG3,Alliance,Shaman,0,0,3,7081,442,,,101,,1,dps,
BG3,Horde,Rogue,2,1,12,11182,1967,2,,343,1,,dps,
BG3,Horde,Rogue,3,1,24,16420,8102,,,367,1,,dps,
BG3,Alliance,Demon Hunter,3,4,4,38595,6677,,,144,,1,dps,
BG3,Alliance,Warrior,1,1,5,6260,870,1,,145,,1,dps,
BG3,Horde,Shaman,0,1,24,3903,21364,,,516,1,,heal,
BG3,Horde,Hunter,9,0,33,49713,5274,,,534,1,,dps,
BG3,Alliance,Priest,0,5,3,5137,29520,,,141,,1,heal,
BG3,Alliance,Warrior,1,5,4,12083,91,,,143,,1,dps,
BG3,Alliance,Mage,3,3,7,28483,5374,,,65,,1,dps,
BG3,Horde,Shaman,11,2,38,38895,6568,,,544,1,,dps,
BG4,Alliance,Shaman,0,2,19,5362,1982,1,,764,1,,dps,
BG4,Alliance,Priest,9,0,37,68070,7779,,,604,1,,dps,
BG4,Alliance,Monk,7,1,37,33215,7643,,,604,1,,dps,
BG4,Alliance,Paladin,8,0,39,72723,22079,,,612,1,,dps,
BG4,Horde,Hunter,0,4,0,35874,5516,,,115,,1,dps,
BG4,Horde,Hunter,0,3,2,8092,4200,,,110,,1,dps,
BG4,Horde,Mage,3,2,5,16626,3718,,,126,,1,dps,
BG4,Horde,Shaman,0,9,0,3159,31023,,,115,,1,heal,
BG4,Horde,Monk,0,3,1,10158,15965,,,117,,1,heal,
BG4,Alliance,Demon Hunter,1,0,9,9851,1973,1,,509,1,,dps,
BG4,Horde,Warlock,1,1,5,38656,17995,,,136,,1,dps,
BG4,Horde,Mage,1,3,3,14831,13896,,,124,,1,dps,
BG4,Horde,Paladin,0,4,1,14915,10955,,,117,,1,dps,
BG4,Alliance,Warrior,2,1,22,21614,5073,,,551,1,,dps,
BG4,Alliance,Shaman,0,0,39,7135,90943,1,,612,1,,heal,
BG4,Horde,Demon Hunter,0,2,1,5971,0,,,117,,1,dps,
BG4,Alliance,Paladin,3,1,20,21950,6446,,,547,1,,dps,
BG4,Alliance,Paladin,0,0,8,3575,3463,,,507,1,,dps,
BG4,Horde,Warlock,0,5,1,27489,19149,,,117,,1,dps,
BG4,Alliance,Warlock,11,0,38,75321,22441,,,608,1,,dps,
BG5,Horde,Druid,0,0,20,1838,52542,,,358,1,,heal,
BG5,Horde,Warrior,2,0,9,19349,315,1,,487,1,,dps,
BG5,Horde,Hunter,6,1,18,93288,7983,,,355,1,,dps,
BG5,Alliance,Priest,0,4,1,13500,42184,,,205,,1,heal,
BG5,Horde,Priest,2,0,22,28188,4095,,,514,1,,dps,
BG5,Horde,Shaman,0,0,22,3021,62329,1,,363,1,,heal,
BG5,Horde,Demon Hunter,6,0,22,47380,7762,,,515,1,,dps,
BG5,Alliance,Priest,2,1,3,47257,26763,,,211,,1,dps,
BG5,Alliance,Shaman,0,1,3,25257,25648,,,211,,1,heal,
BG5,Alliance,Mage,0,5,0,11521,10533,,,202,,1,dps,
BG5,Horde,Shaman,0,0,14,3011,14531,,,498,1,,heal,
BG5,Horde,Rogue,3,1,20,32965,2700,,,359,1,,dps,
BG5,Alliance,Hunter,0,2,1,13386,2302,,,175,,1,dps,
BG5,Alliance,Shaman,0,2,1,10012,19590,,,205,,1,heal,
BG5,Alliance,Warrior,0,1,3,4461,105,1,,211,,1,dps,
BG5,Alliance,Paladin,0,1,3,6852,1536,,,211,,1,dps,
BG5,Alliance,Hunter,0,2,2,51929,9739,,,208,,1,dps,
BG5,Alliance,Hunter,1,3,3,33120,3651,,,211,,1,dps,
BG5,Horde,Warlock,3,1,18,24069,11209,,,505,1,,dps,
BG5,Horde,Druid,0,0,20,743,64975,,,359,1,,heal,
BG6,Horde,Warrior,9,0,47,61047,8097,,,558,1,,dps,
BG6,Alliance,Demon Hunter,0,8,0,52850,5448,,,187,,1,dps,
BG6,Horde,Demon Hunter,3,0,37,51960,2985,,,388,1,,dps,
BG6,Horde,Warrior,0,0,48,89098,12649,,,560,1,,dps,
BG6,Horde,Shaman,0,0,32,2971,39918,,,528,1,,heal,
BG6,Alliance,Demon Hunter,0,6,0,44644,6760,,,172,,1,dps,
BG6,Horde,Death Knight,9,0,46,71646,16102,,,556,1,,dps,
BG6,Alliance,Druid,0,1,0,0,32218,,,142,,1,heal,
BG6,Horde,Mage,2,0,30,33017,5245,2,,374,1,,dps,
BG6,Alliance,Monk,0,4,0,1110,24319,,,187,,1,heal,
BG6,Alliance,Warlock,0,9,0,71967,24561,,,187,,1,dps,
BG6,Horde,Demon Hunter,1,0,17,10280,915,,,498,1,,dps,
BG6,Alliance,Death Knight,0,2,0,14892,14134,,,142,,1,dps,
BG6,Horde,Mage,4,0,48,61508,4299,,,560,1,,dps,
BG6,Alliance,Demon Hunter,0,0,0,872,445,1,,187,,1,dps,
BG6,Horde,Paladin,11,0,47,54087,15989,,,558,1,,dps,
BG6,Horde,Monk,0,0,47,10568,127000,1,,558,1,,heal,
BG6,Alliance,Priest,0,5,0,4206,37555,,,187,,1,heal,
BG6,Alliance,Warrior,0,1,0,1818,0,,,127,,1,dps,
BG6,Alliance,Death Knight,0,2,0,5683,5309,,,187,,1,dps,
BG7,Alliance,Warrior,3,4,21,41100,23172,,,778,1,,dps,
BG7,Horde,Druid,0,5,12,1118,99044,,,145,,1,heal,
BG7,Horde,Hunter,4,4,16,33017,6854,1,,150,,1,dps,
BG7,Horde,Hunter,4,1,26,22624,7012,,,174,,1,dps,
BG7,Alliance,Warlock,8,3,30,38779,17181,,,817,1,,dps,
BG7,Horde,Hunter,5,3,22,41010,7769,,,161,,1,dps,
BG7,Alliance,Rogue,3,2,19,24494,7590,1,,561,1,,dps,
BG7,Horde,Shaman,1,5,10,5254,50267,1,,138,,1,heal,
BG7,Alliance,Shaman,1,3,27,30826,9849,,,584,1,,dps,
BG7,Horde,Mage,3,4,21,22158,12842,1,,159,,1,dps,
BG7,Horde,Mage,0,7,13,36633,6862,,,143,,1,dps,
BG7,Alliance,Mage,2,4,9,38542,4321,1,,743,1,,dps,
BG7,Alliance,Paladin,13,1,34,86224,25128,1,,832,1,,dps,
BG7,Horde,Hunter,1,5,10,54158,9919,,,135,,1,dps,
BG7,Horde,Druid,1,2,13,13693,20245,1,,144,,1,heal,
BG7,Horde,Demon Hunter,7,5,22,111000,15850,,,167,,1,dps,
BG7,Alliance,Paladin,5,1,29,59524,26524,,,589,1,,dps,
BG7,Alliance,Shaman,1,2,29,7425,51759,,,583,1,,heal,
BG7,Alliance,Paladin,1,4,7,46376,15261,1,,733,1,,dps,
BG7,Alliance,Death Knight,2,3,25,61206,22649,,,790,1,,dps,
BG8,Horde,Warlock,3,0,22,48823,14259,,,670,1,,dps,1
BG8,Horde,Warrior,3,3,17,48932,15757,,,667,1,,dps,1
BG8,Horde,Mage,4,1,29,24388,2596,,,683,1,,dps,1
BG8,Alliance,Priest,1,4,9,17734,8223,,,288,,1,dps,1
BG8,Horde,Mage,6,1,24,67905,7930,1,,670,1,,dps,1
BG8,Horde,Warrior,6,1,21,53403,16902,,,674,1,,dps,1
BG8,Alliance,Priest,3,5,7,36252,16261,,,281,,1,dps,1
BG8,Horde,Shaman,0,2,27,10925,68694,,,680,1,,heal,1
BG8,Horde,Hunter,5,0,15,21996,0,1,,656,1,,dps,1
BG8,Alliance,Paladin,0,2,5,5778,5784,,,258,,1,heal,1
BG8,Alliance,Druid,0,1,11,1256,84714,,,297,,1,heal,1
BG8,Alliance,Paladin,0,5,6,51890,12249,,,278,,1,dps,1
BG8,Horde,Druid,4,2,23,55751,13024,,,669,1,,dps,1
BG8,Horde,Paladin,0,1,27,6631,55709,,,679,1,,heal,1
BG8,Alliance,Warrior,2,4,7,27514,4503,,,281,,1,dps,1
BG8,Alliance,Monk,2,4,9,40972,26314,,,290,,1,dps,1
BG8,Alliance,Mage,2,2,11,43490,11718,,,297,,1,dps,1
BG8,Horde,Shaman,4,2,25,61060,1578,,,673,1,,dps,1
BG8,Alliance,Hunter,0,1,5,12015,4128,,,242,,1,dps,1
BG9,Alliance,Hunter,5,5,20,73062,12905,1,,989,1,,dps,1
BG9,Horde,Death Knight,4,7,30,95493,29129,2,,296,,1,dps,1
BG9,Alliance,Druid,0,4,45,224,215000,,,1077,1,,heal,1
BG9,Horde,Druid,2,3,28,49531,13027,,,291,,1,dps,1
BG9,Alliance,Warrior,4,3,26,63651,31561,,,1007,1,,dps,1
BG9,Horde,Shaman,1,7,28,8938,99399,,,290,,1,heal,1
BG9,Horde,Mage,7,5,28,127000,23979,,,293,,1,dps,1
BG9,Horde,Warrior,3,5,25,44336,6910,1,,296,,1,dps,1
BG9,Alliance,Rogue,11,3,35,45332,8293,2,,1037,1,,dps,1
BG9,Alliance,Warrior,6,4,38,100000,12070,,,1048,1,,dps,1
BG9,Alliance,Mage,8,3,39,96730,7997,,,1054,1,,dps,1
BG9,Horde,Monk,0,5,28,3990,101000,1,,289,,1,heal,1
BG9,Alliance,Warlock,8,5,38,86617,52555,,,1054,1,,dps,1
BG9,Horde,Paladin,9,4,35,192000,46517,,,315,,1,dps,1
BG9,Horde,Death Knight,5,5,25,70827,20915,2,,289,,1,dps,1
BG9,Horde,Warrior,2,7,21,52432,4377,,,279,,1,dps,1
BG9,Alliance,Rogue,4,2,35,58944,4813,2,,1035,1,,dps,1
BG9,Horde,Death Knight,4,4,16,39249,26497,,,276,,1,dps,1
BG9,Alliance,Shaman,1,4,35,44200,142000,1,,698,1,,heal,1
BG9,Alliance,Warlock,3,7,25,82345,29406,,,672,1,,dps,1
BG10,Horde,Hunter,4,0,8,28773,3928,1,,336,1,,dps,
BG10,Horde,Druid,0,0,22,1818,179000,,,514,1,,heal,
BG10,Horde,Demon Hunter,4,0,21,66986,7942,,,514,1,,dps,
BG10,Alliance,Hunter,0,2,0,16669,4304,,,172,,1,dps,
BG10,Alliance,Hunter,0,4,7,50752,13190,,,190,,1,dps,
BG10,Horde,Shaman,0,2,19,10968,88406,,,512,1,,heal,
BG10,Alliance,Warrior,1,0,2,12938,2906,,,179,,1,dps,
BG10,Alliance,Warrior,1,3,3,8580,3849,,,183,,1,dps,
BG10,Alliance,Druid,0,1,3,61503,755,,,182,,1,dps,
BG10,Horde,Warlock,3,2,21,57596,20110,,,514,1,,dps,
BG10,Horde,Warlock,3,0,20,71472,17020,,,516,1,,dps,
BG10,Alliance,Paladin,0,2,1,0,56983,,,160,,1,heal,
BG10,Alliance,Warlock,3,3,9,96378,29466,,,197,,1,dps,
BG10,Horde,Warrior,5,2,14,49937,14438,1,,378,1,,dps,
BG10,Horde,Paladin,4,1,21,69992,25463,1,,362,1,,dps,
BG10,Alliance,Priest,1,2,5,27113,77543,1,,185,,1,heal,
BG10,Alliance,Druid,0,4,3,3724,6158,1,,183,,1,heal,
BG10,Horde,Demon Hunter,4,2,21,40051,6659,,,363,1,,dps,
BG10,Alliance,Warrior,1,2,3,17515,410,,,182,,1,dps,
BG10,Horde,Demon Hunter,1,1,21,26795,1614,,,512,1,,dps,
BG11,Horde,Death Knight,1,0,14,17038,11942,,,347,1,,dps,
BG11,Horde,Hunter,0,0,14,31409,2725,,,497,1,,dps,
BG11,Horde,Paladin,2,0,21,27294,15874,2,,511,1,,dps,
BG11,Horde,Warrior,6,1,16,23478,2245,,,501,1,,dps,
BG11,Horde,Warrior,6,1,18,26419,5497,,,497,1,,dps,
BG11,Horde,Paladin,2,0,21,1838,52741,,,511,1,,heal,
BG11,Alliance,Paladin,0,2,3,55422,11236,,,166,,1,dps,
BG11,Horde,Shaman,0,0,15,8015,64070,,,351,1,,heal,
BG11,Horde,Warrior,1,2,14,23118,2056,,,349,1,,dps,
BG11,Horde,Demon Hunter,1,0,21,21644,10471,1,,511,1,,dps,
BG11,Horde,Warrior,1,0,9,9409,1033,,,489,1,,dps,
BG11,Alliance,Hunter,1,1,3,8058,2416,,,167,,1,dps,
BG11,Alliance,Rogue,0,1,2,4373,1069,1,,166,,1,dps,
BG11,Alliance,Hunter,1,1,1,6121,1327,,,161,,1,dps,
BG11,Alliance,Monk,1,5,3,31448,14585,,,167,,1,dps,
BG11,Alliance,Hunter,0,6,4,31924,5502,,,171,,1,dps,
BG12,Horde,Warrior,3,4,8,38457,5352,,,146,,1,dps,
BG12,Alliance,Druid,3,4,28,34703,6249,,,557,1,,dps,
BG12,Horde,Warrior,1,5,9,31721,1171,,,148,,1,dps,
BG12,Horde,Rogue,1,4,8,29680,10595,,,146,,1,dps,
BG12,Horde,Shaman,0,7,8,14569,64481,,,146,,1,heal,
BG12,Horde,Rogue,1,4,9,27807,1661,,,148,,1,dps,
BG12,Horde,Priest,1,5,9,24202,63842,,,148,,1,heal,
BG12,Horde,Priest,0,3,8,13578,6885,1,,146,,1,dps,
BG12,Alliance,Priest,6,2,25,85170,22911,,,775,1,,dps,
BG12,Horde,Druid,1,0,7,23191,10470,,,144,,1,dps,
BG12,Alliance,Warrior,1,0,16,10206,1572,1,,758,1,,dps,
BG12,Alliance,Warrior,12,0,36,41656,3957,,,811,1,,dps,
BG12,Horde,Rogue,1,4,8,30254,9574,,,146,,1,dps,
BG12,Horde,Hunter,0,1,7,21819,1979,,,144,,1,dps,
BG12,Alliance,Paladin,0,0,21,7749,52641,,,762,1,,heal,
BG12,Alliance,Mage,4,0,20,39708,409,1,,760,1,,dps,
BG12,Alliance,Warrior,3,1,25,13093,174,,,777,1,,dps,
BG12,Alliance,Warlock,4,0,36,75698,14705,,,811,1,,dps,
BG12,Alliance,Warrior,4,1,36,63787,7516,,,811,1,,dps,
BG12,Alliance,Monk,0,1,32,516,117000,,,795,1,,heal,
BG13,Horde,Warrior,2,4,29,19886,2915,,,532,1,,dps,
BG13,Alliance,Paladin,0,3,16,16158,8072,1,,201,,1,dps,
BG13,Horde,Demon Hunter,9,3,36,17010,13374,,,400,1,,dps,
BG13,Alliance,Rogue,2,6,17,10223,1022,1,,204,,1,dps,
BG13,Alliance,Demon Hunter,2,5,27,18184,1077,,,224,,1,dps,
BG13,Alliance,Monk,9,5,31,26001,18171,,,236,,1,dps,
BG13,Horde,Warlock,3,3,32,27319,20566,1,,388,1,,dps,
BG13,Horde,Warrior,2,3,7,7190,72,,,486,1,,dps,
BG13,Horde,Shaman,2,2,21,18661,3799,1,,503,1,,dps,
BG13,Horde,Hunter,8,4,33,47819,2398,1,,391,1,,dps,
BG13,Alliance,Hunter,7,2,28,32654,1827,2,,230,,1,dps,
BG13,Alliance,Death Knight,3,3,26,26450,8498,,,226,,1,dps,
BG13,Horde,Shaman,1,6,27,5136,47706,,,525,1,,heal,
BG13,Alliance,Paladin,1,3,14,3918,5727,,,197,,1,heal,
BG13,Alliance,Druid,2,3,20,28567,6885,,,212,,1,dps,
BG13,Horde,Shaman,4,5,29,17411,6764,,,529,1,,dps,
BG13,Horde,Priest,5,4,24,25677,14269,1,1,369,1,,dps,
BG13,Alliance,Paladin,1,3,27,3320,56390,1,1,224,,1,heal,
BG13,Horde,Paladin,2,0,12,8004,1824,1,,505,1,,dps,
BG13,Alliance,Demon Hunter,7,5,29,43702,2318,,,232,,1,dps,
BG14,Alliance,Mage,2,3,16,17842,4086,1,,509,1,,dps,
BG14,Horde,Warrior,2,5,16,12875,9739,1,,173,,1,dps,
BG14,Alliance,Hunter,10,2,37,39952,6818,,,551,1,,dps,
BG14,Alliance,Warlock,2,3,28,19670,15925,1,,382,1,,dps,
BG14,Alliance,Demon Hunter,1,4,27,20314,2488,,,374,1,,dps,
BG14,Horde,Warrior,5,3,16,12360,897,,,177,,1,dps,
BG14,Alliance,Druid,0,3,20,1449,34559,,,361,1,,heal,
BG14,Horde,Demon Hunter,6,3,22,27615,5366,,,193,,1,dps,
BG14,Alliance,Warrior,8,3,36,33178,2201,,,394,1,,dps,
BG14,Horde,Shaman,1,6,22,7179,42196,,,194,,1,heal,
BG14,Horde,Warlock,2,5,21,22808,13292,,,189,,1,dps,
BG14,Alliance,Druid,10,1,44,43183,8469,,,565,1,,dps,
BG14,Alliance,Warrior,8,1,32,17498,3366,1,,538,1,,dps,
BG14,Alliance,Paladin,5,2,40,33816,12701,,,560,1,,dps,
BG14,Horde,Death Knight,4,7,18,29558,13978,,,183,,1,dps,
BG14,Alliance,Death Knight,1,7,15,15382,8608,,,504,1,,dps,
BG14,Horde,Druid,2,4,22,29908,3776,,,189,,1,dps,
BG14,Horde,Death Knight,4,4,18,22348,12307,1,,180,,1,dps,
BG14,Horde,Rogue,1,5,13,11851,2518,,,165,,1,dps,
BG14,Horde,Paladin,1,5,17,2312,24190,,,177,,1,heal,
BG15,Horde,Rogue,7,0,25,13547,2293,,,378,1,,dps,
BG15,Horde,Hunter,5,1,28,16167,1690,,,379,1,,dps,
BG15,Horde,Paladin,1,1,8,10903,4449,1,,485,1,,dps,
BG15,Alliance,Priest,0,2,2,1130,13428,,,139,,1,heal,
BG15,Alliance,Rogue,0,3,1,964,2071,1,,139,,1,dps,
BG15,Horde,Shaman,0,0,28,3740,36886,1,,527,1,,heal,
BG15,Horde,Rogue,1,0,20,13687,1538,,,361,1,,dps,
BG15,Alliance,Hunter,1,1,2,2666,402,,,110,,1,dps,
BG15,Alliance,Rogue,0,2,4,3686,3172,1,,144,,1,dps,
BG15,Horde,Paladin,7,0,26,21372,7173,,,371,1,,dps,
BG15,Alliance,Mage,1,5,3,13910,8891,,,141,,1,dps,
BG15,Alliance,Rogue,1,6,3,16141,2741,,,144,,1,dps,
BG15,Alliance,Warlock,0,4,3,23924,17004,,,141,,1,dps,
BG15,Horde,Rogue,0,2,17,8964,854,,,505,1,,dps,
BG15,Horde,Warlock,4,0,27,21642,9028,,,523,1,,dps,
BG15,Alliance,Shaman,1,5,3,7476,2542,,,134,,1,dps,
BG15,Alliance,Priest,1,2,2,9393,8427,,,139,,1,dps,
BG15,Horde,Druid,3,0,24,14931,3200,,,517,1,,dps,
BG15,Alliance,Druid,0,1,1,3326,801,,,137,,1,dps,
BG15,Horde,Paladin,4,1,23,17228,7512,,,374,1,,dps,
BG16,Alliance,Druid,0,4,9,524,23763,,,145,,1,heal,
BG16,Horde,Death Knight,5,1,27,25186,14420,,,523,1,,dps,
BG16,Horde,Demon Hunter,1,4,22,18539,594,,,364,1,,dps,
BG16,Alliance,Demon Hunter,1,3,9,13985,2410,,,144,,1,dps,
BG16,Alliance,Mage,0,5,9,14465,6638,,,144,,1,dps,
BG16,Horde,Shaman,0,2,27,3469,31656,1,,523,1,,heal,
BG16,Alliance,Death Knight,1,3,10,11823,5543,,,147,,1,dps,
BG16,Alliance,Druid,0,2,5,263,19462,,,135,,1,heal,
BG16,Horde,Paladin,6,2,11,21348,7193,,,365,1,,dps,
BG16,Alliance,Druid,1,1,8,16602,3269,,,142,,1,dps,
BG16,Horde,Demon Hunter,1,0,12,15571,3013,1,,495,1,,dps,
BG16,Horde,Mage,3,0,25,8107,3011,,,370,1,,dps,
BG16,Alliance,Rogue,1,2,5,6613,1813,,,135,,1,dps,
BG16,Horde,Demon Hunter,5,2,26,23585,5757,,,371,1,,dps,
BG16,Alliance,Paladin,3,3,12,17675,5534,1,,152,,1,dps,
BG16,Horde,Rogue,2,1,16,7612,2420,1,,503,1,,dps,
BG16,Alliance,Hunter,2,5,8,16273,3274,,,143,,1,dps,
BG16,Horde,Demon Hunter,8,0,32,28829,4829,,,385,1,,dps,
BG16,Alliance,Warrior,2,5,5,16207,5416,,1,137,,1,dps,
BG16,Horde,Priest,1,1,29,8091,13856,,,379,1,,heal,
BG17,Horde,Rogue,5,4,45,51237,17310,,,276,,1,dps,
BG17,Alliance,Hunter,5,4,31,73418,9144,,,800,1,,dps,
BG17,Alliance,Hunter,4,3,29,53194,10249,,,579,1,,dps,
BG17,Horde,Paladin,8,7,42,83612,32570,2,,271,,1,dps,
BG17,Alliance,Mage,0,7,14,36666,19184,,,748,1,,dps,
BG17,Horde,Priest,4,2,13,24047,7801,,,215,,1,dps,
BG17,Alliance,Mage,7,6,30,77737,11825,1,,572,1,,dps,
BG17,Horde,Shaman,0,6,43,20857,190000,,,271,,1,heal,
BG17,Horde,Demon Hunter,3,3,17,21081,2176,,,223,,1,dps,
BG17,Horde,Hunter,7,4,37,82055,11900,,,262,,1,dps,
BG17,Alliance,Hunter,7,4,37,82055,11900,,,594,1,,dps,
BG17,Alliance,Hunter,6,6,40,106000,15191,2,,620,1,,dps,
BG17,Alliance,Death Knight,10,8,34,113000,40541,,,589,1,,dps,
BG17,Horde,Death Knight,5,3,45,43361,56030,,,278,,1,dps,
BG17,Alliance,Druid,0,3,36,1112,131000,1,1,821,1,,heal,
BG17,Horde,Shaman,7,4,46,110000,18815,,,278,,1,dps,
BG17,Alliance,Druid,1,3,12,12491,776,,1,522,1,,dps,
BG17,Horde,Rogue,6,6,29,48068,12530,1,,162,,1,dps,
BG17,Horde,Hunter,3,5,44,50097,12874,4,,276,,1,dps,
BG17,Alliance,Demon Hunter,4,4,31,32712,23882,2,,801,1,,dps,
BG18,Alliance,Demon Hunter,0,2,7,19628,776,,,181,,1,dps,
BG18,Horde,Paladin,2,1,12,23856,7983,,,345,1,,dps,
BG18,Horde,Death Knight,1,0,12,31701,33958,1,,345,1,,dps,
BG18,Horde,Demon Hunter,3,2,6,33274,4903,1,,340,1,,dps,
BG18,Horde,Priest,5,0,14,31383,8944,,,501,1,,dps,
BG18,Alliance,Warrior,0,2,4,19395,2871,1,,170,,1,dps,
BG18,Horde,Warlock,3,1,12,40418,15685,,,495,1,,dps,
BG18,Alliance,Warrior,0,2,5,18057,3781,,,173,,1,dps,
BG18,Horde,Shaman,2,2,9,9390,46838,,,344,1,,heal,
BG18,Horde,Priest,0,1,12,5789,41588,,,495,1,,heal,
BG18,Horde,Warrior,3,1,7,23788,22274,,,346,1,,dps,
BG18,Alliance,Shaman,1,2,6,49148,4281,,,177,,1,dps,
BG18,Horde,Warlock,0,0,11,5652,5239,1,,494,1,,dps,
BG18,Alliance,Monk,0,2,6,1864,61595,,,177,,1,heal,
BG18,Alliance,Paladin,0,3,4,7710,5657,,,170,,1,dps,
BG18,Alliance,Demon Hunter,2,3,4,47762,6200,,,170,,1,dps,
BG18,Horde,Rogue,2,0,15,10512,1988,,,364,1,,dps,
BG18,Alliance,Warrior,3,2,6,41592,7035,,,177,,1,dps,
BG18,Alliance,Hunter,1,1,7,14512,0,,,181,,1,dps,
BG19,Alliance,Druid,0,2,0,10074,4816,,,157,,1,dps,
BG19,Alliance,Warrior,4,5,15,71185,11257,,,288,,1,dps,
BG19,Horde,Death Knight,2,2,19,38517,12019,,,349,1,,dps,
BG19,Alliance,Shaman,2,9,11,44722,15998,,,275,,1,dps,
BG19,Horde,Priest,8,3,42,73371,23049,,,545,1,,dps,
BG19,Horde,Shaman,3,4,37,49117,12173,,1,535,1,,dps,
BG19,Alliance,Paladin,4,5,16,75507,26308,,,291,,1,dps,
BG19,Horde,Shaman,1,0,41,11125,93108,1,,543,1,,heal,
BG19,Horde,Priest,0,1,39,34919,180000,,,539,1,,heal,
BG19,Horde,Mage,3,2,44,51810,9167,,,399,1,,dps,
BG19,Alliance,Hunter,0,3,17,59493,7407,,,293,,1,dps,
BG19,Alliance,Hunter,1,4,17,53529,9402,1,,293,,1,dps,
BG19,Alliance,Paladin,2,3,18,10837,99339,,,298,,1,heal,
BG19,Horde,Mage,5,1,43,55292,14003,,,547,1,,dps,
BG19,Horde,Shaman,1,3,39,47545,20358,1,,389,1,,dps,
BG19,Horde,Rogue,12,1,44,74339,11455,,,549,1,,dps,
BG19,Horde,Priest,7,1,37,63264,14994,,,535,1,,dps,
BG19,Alliance,Druid,2,3,18,65380,8580,,,299,,1,dps,
BG19,Alliance,Rogue,2,9,13,57711,10011,1,,277,,1,dps,
BG20,Alliance,Warlock,9,3,18,92912,22203,,,765,1,,dps,
BG20,Horde,Warrior,8,2,26,54009,6304,,,231,,1,dps,
BG20,Alliance,Druid,1,1,14,1464,149000,,2,528,1,,heal,
BG20,Alliance,Demon Hunter,1,3,15,85182,13961,,1,230,1,,dps,
BG20,Horde,Warlock,3,2,29,81150,49207,,,240,,1,dps,
BG20,Alliance,Monk,0,1,16,6874,66161,,,538,1,,heal,
BG20,Horde,Rogue,2,1,24,95626,2923,,,229,,1,dps,
BG20,Horde,Druid,3,4,22,65587,10163,,,223,,1,dps,
BG20,Alliance,Mage,3,5,13,55314,14836,,,522,1,,dps,
BG20,Alliance,Demon Hunter,3,4,15,68559,41916,,,757,1,,dps,
BG20,Horde,Shaman,0,2,25,13709,107000,,,230,,1,heal,
BG20,Horde,Death Knight,0,3,17,26724,23131,,,213,,1,dps,
BG20,Alliance,Priest,1,3,4,13538,3520,,,720,1,,dps,
BG20,Alliance,Priest,0,2,16,3286,75885,,,533,1,,heal,
BG20,Horde,Druid,2,1,21,38719,21763,1,,222,,1,dps,
BG20,Alliance,Monk,1,2,15,37484,20293,2,,759,1,,dps,
BG20,Alliance,Mage,0,5,13,27179,12156,,,523,1,,dps,
BG20,Horde,Death Knight,5,3,15,47421,20308,,,208,,1,dps,
BG20,Horde,Death Knight,8,2,26,117000,16546,,3,231,,1,dps,
BG20,Horde,Rogue,0,2,23,34046,23907,,,227,,1,dps,
BG21,Horde,Priest,5,4,21,57338,32071,,,181,,1,dps,
BG21,Horde,Rogue,2,5,18,37104,7320,,,174,,1,dps,
BG21,Alliance,Priest,6,2,27,67061,24357,1,,796,1,,dps,
BG21,Horde,Warrior,7,4,17,62960,1372,,,178,,1,dps,
BG21,Alliance,Demon Hunter,2,2,11,35149,8576,,,523,1,,dps,
BG21,Horde,Demon Hunter,1,5,14,17027,5747,,,163,,1,dps,
BG21,Horde,Warrior,5,5,19,44106,16346,,1,174,,1,dps,
BG21,Alliance,Paladin,3,5,27,79415,23002,,,795,1,,dps,
BG21,Alliance,Priest,5,2,32,41252,15375,1,,589,1,,dps,
BG21,Alliance,Warrior,8,3,24,58960,15858,1,,551,1,,dps,
BG21,Alliance,Rogue,5,5,18,61377,7839,1,,541,1,,dps,
BG21,Alliance,Druid,0,4,25,2541,64123,,,561,1,,heal,
BG21,Alliance,Death Knight,1,2,32,74840,23206,,,589,1,,dps,
BG21,Horde,Shaman,0,4,19,6917,108000,,,174,,1,heal,
BG21,Alliance,Druid,9,1,32,43627,6123,1,,592,1,,dps,
BG21,Alliance,Rogue,1,0,17,26465,5247,,,532,1,,dps,
BG21,Horde,Demon Hunter,4,3,19,39029,20612,1,,178,,1,dps,
BG22,Alliance,Hunter,1,3,5,7608,4410,,,156,,1,dps,
BG22,Horde,Hunter,0,0,16,11865,16,,,503,1,,dps,
BG22,Alliance,Warrior,1,3,5,20125,3013,,,158,,1,dps,
BG22,Alliance,Mage,3,2,7,36118,4316,,,164,,1,dps,
BG22,Horde,Paladin,3,0,19,43492,13314,1,,512,1,,dps,
BG22,Horde,Warrior,6,1,12,36308,7100,1,,494,1,,dps,
BG22,Horde,Priest,2,1,19,26327,56789,,,511,1,,heal,
BG22,Alliance,Demon Hunter,2,2,5,26035,42432,,,156,,1,dps,
BG22,Horde,Shaman,0,0,15,9312,22022,,,505,1,,heal,
BG22,Alliance,Warrior,0,4,5,10634,3315,,,156,,1,dps,
BG22,Horde,Druid,2,2,7,23985,529,,,482,1,,dps,
BG22,Alliance,Priest,0,3,7,6368,62483,,,164,,1,heal,
BG22,Alliance,Druid,0,2,5,12985,1507,1,,158,,1,dps,
BG22,Horde,Mage,5,1,18,33923,6185,1,,513,1,,dps,
BG22,Alliance,Mage,0,2,7,24119,3244,,,164,,1,dps,
BG22,Horde,Rogue,0,0,22,30312,5382,,,369,1,,dps,
BG22,Horde,Hunter,0,2,12,8750,3506,,,498,1,,dps,
BG22,Horde,Demon Hunter,4,0,15,37178,3684,,,509,1,,dps,
BG22,Alliance,Mage,0,2,7,20288,9875,,,164,,1,dps,
BG23,Horde,Priest,10,3,39,95081,19128,,,551,1,,dps,
BG23,Alliance,Druid,5,8,15,69771,15734,,,361,,1,dps,
BG23,Horde,Demon Hunter,13,2,45,89028,8402,,,414,1,,dps,
BG23,Horde,Hunter,3,2,46,83294,8986,,,562,1,,dps,
BG23,Alliance,Death Knight,2,4,9,47238,30650,,,319,,1,dps,
BG23,Horde,Druid,0,3,37,1252,120000,1,,398,1,,heal,
BG23,Alliance,Warlock,4,8,15,43835,26686,,,369,,1,dps,
BG23,Horde,Shaman,0,2,32,21391,115000,1,,389,1,,heal,
BG23,Alliance,Rogue,3,1,13,31195,3906,,,355,,1,dps,
BG23,Horde,Rogue,4,2,21,55218,2656,,,369,1,,dps,
BG23,Alliance,Death Knight,5,5,15,78313,29998,,,358,,1,dps,
BG23,Horde,Death Knight,4,3,45,130000,33765,,,410,1,,dps,
BG23,Alliance,Death Knight,3,6,17,49009,34908,2,,364,,1,dps,
BG23,Alliance,Warrior,4,3,12,60407,9878,,,344,,1,dps,
BG23,Alliance,Shaman,1,5,20,29282,194000,1,,377,,1,heal,
BG23,Horde,Rogue,5,5,23,63628,4453,,,522,1,,dps,
BG23,Alliance,Warrior,0,6,15,34361,240,1,,361,,1,dps,
BG23,Alliance,Druid,0,4,15,1830,151000,,,361,,1,heal,
BG23,Horde,Hunter,9,3,39,148000,10409,1,,404,1,,dps,
BG23,Horde,Hunter,4,1,45,59282,3860,,,410,1,,dps,
BG24,Horde,Paladin,2,4,12,40804,30017,2,,655,1,,dps,1
BG24,Horde,Rogue,11,5,25,81765,14695,,,696,1,,dps,1
BG24,Horde,Demon Hunter,1,7,23,52285,8208,,,679,1,,dps,1
BG24,Alliance,Paladin,3,5,24,61565,23349,1,,372,,1,dps,1
BG24,Horde,Druid,2,2,32,32542,14589,,,696,1,,dps,1
BG24,Alliance,Warlock,3,4,19,53599,19118,1,1,341,,1,dps,1
BG24,Alliance,Demon Hunter,5,3,18,43899,13862,,,339,,1,dps,1
BG24,Horde,Druid,3,1,23,75242,31352,,,684,1,,dps,1
BG24,Horde,Rogue,8,2,30,71901,20348,1,,467,1,,dps,1
BG24,Horde,Shaman,1,7,20,6288,83729,,,667,1,,heal,1
BG24,Alliance,Hunter,7,5,22,49495,13896,,,370,,1,dps,1
BG24,Alliance,Shaman,1,2,23,21461,22309,,1,362,,1,heal,1
BG24,Horde,Rogue,5,4,20,36187,13063,2,,668,1,,dps,1
BG24,Alliance,Mage,3,3,28,40131,16250,,,385,,1,dps,1
BG24,Horde,Shaman,8,5,25,53416,6494,1,,678,1,,dps,1
BG24,Horde,Mage,0,5,23,25637,4594,,,674,1,,dps,1
BG24,Alliance,Mage,8,5,23,45830,18209,,,362,,1,dps,1
BG24,Alliance,Druid,5,2,11,42859,7449,,,299,,1,dps,1
BG24,Alliance,Mage,4,7,24,60269,15501,1,,373,,1,dps,1
BG24,Alliance,Monk,0,5,16,1963,94972,,,327,,1,heal,1
BG25,Alliance,Hunter,1,3,8,13629,7924,,,222,,1,dps,
BG25,Alliance,Warrior,2,5,5,24220,3029,1,,212,,1,dps,
BG25,Alliance,Paladin,2,1,8,16994,4059,,,191,,1,dps,
BG25,Alliance,Rogue,1,0,8,12914,2010,,,191,,1,dps,
BG25,Horde,Paladin,3,0,20,39467,9094,,,510,1,,dps,
BG25,Alliance,Warlock,3,0,10,13059,6025,,,228,,1,dps,
BG25,Horde,Warlock,4,2,22,46862,16846,,,517,1,,dps,
BG25,Horde,Shaman,0,1,25,9653,55333,,,521,1,,heal,
BG25,Alliance,Druid,0,2,10,7933,2356,,,228,,1,dps,
BG25,Alliance,Paladin,0,4,8,2590,40707,,,224,,1,heal,
BG25,Horde,Death Knight,2,3,14,23149,13827,1,,348,1,,dps,
BG25,Alliance,Paladin,0,1,7,12731,8011,,,204,,1,dps,
BG25,Horde,Hunter,3,2,21,18287,1046,1,,515,1,,dps,
BG25,Horde,Hunter,1,1,16,12181,3478,,,351,1,,dps,
BG25,Horde,Priest,1,0,19,13207,1957,,,507,1,,dps,
BG25,Horde,Mage,4,1,22,37402,4834,,,514,1,,dps,
BG25,Horde,Shaman,4,0,18,28005,3528,,,355,1,,dps,
BG25,Horde,Hunter,4,1,16,16484,1920,,,353,1,,dps,
BG26,Horde,Shaman,0,2,14,2579,65173,,,352,1,,heal,
BG26,Horde,Monk,1,2,17,154,59401,,,355,1,,heal,
BG26,Alliance,Warlock,3,6,8,103000,35838,,,217,,1,dps,
BG26,Horde,Paladin,4,1,15,40138,23324,1,,354,1,,dps,
BG26,Alliance,Death Knight,1,3,7,17164,18384,,,219,,1,dps,
BG26,Alliance,Druid,4,3,12,49808,14442,,,240,,1,dps,
BG26,Alliance,Rogue,1,3,10,20978,12313,,,228,,1,dps,
BG26,Horde,Paladin,5,0,19,34984,12045,1,,517,1,,dps,
BG26,Horde,Demon Hunter,5,4,11,55357,10174,,,501,1,,dps,
BG26,Horde,Paladin,2,1,19,33555,9599,,,362,1,,dps,
BG26,Horde,Warlock,1,4,4,18378,8630,,,335,1,,dps,
BG26,Horde,Hunter,2,0,19,34062,6011,1,,372,1,,dps,
BG26,Horde,Mage,5,1,19,44478,5243,,,517,1,,dps,
BG26,Horde,Druid,1,0,2,9029,4538,,,327,1,,dps,
BG26,Alliance,Rogue,1,3,7,13179,1791,1,,216,,1,dps,
BG27,Alliance,Hunter,0,1,7,21442,5437,,,222,,1,dps,
BG27,Alliance,Demon Hunter,0,3,6,30948,13084,,,219,,1,dps,
BG27,Horde,Warrior,0,0,18,8708,700,1,,208,1,,dps,
BG27,Horde,Rogue,1,0,1,1543,0,1,,473,1,,dps,
BG27,Horde,Mage,3,0,24,38154,4869,1,,520,1,,dps,
BG27,Horde,Death Knight,3,2,25,60011,13190,,,521,1,,dps,
BG27,Alliance,Death Knight,2,1,7,22166,7439,1,,222,,1,dps,
BG27,Horde,Shaman,0,2,25,6454,90365,,,371,1,,heal,
BG27,Horde,Mage,1,0,25,26806,7064,,,521,1,,dps,
BG27,Horde,Warrior,7,0,24,28819,7315,,,370,1,,dps,
BG27,Horde,Warlock,6,2,24,68216,17551,,,518,1,,dps,
BG27,Alliance,Death Knight,0,2,5,12355,7194,,,215,,1,dps,
BG27,Alliance,Warrior,2,6,5,21008,11092,,,215,,1,dps,
BG27,Alliance,Warlock,1,4,7,45357,17826,,,222,,1,dps,
BG27,Alliance,Paladin,2,5,7,19143,13923,,,222,,1,dps,
BG27,Horde,Hunter,3,1,24,33482,6872,,,368,1,,dps,
BG27,Alliance,Druid,0,3,7,0,69910,,,222,,1,heal,
BG27,Horde,Warlock,2,0,25,16745,4845,,,521,1,,dps,
BG28,Horde,Rogue,1,3,19,12815,8315,2,,226,,1,dps,
BG28,Alliance,Mage,0,3,38,32244,5841,,,829,1,,dps,
BG28,Horde,Druid,5,8,19,51777,1491,3,,233,,1,dps,
BG28,Horde,Warlock,5,4,21,52035,25280,,,238,,1,dps,
BG28,Alliance,Paladin,9,2,47,81704,14283,,,867,1,,dps,
BG28,Horde,Rogue,1,8,16,26180,17830,,,218,,1,dps,
BG28,Horde,Shaman,0,11,15,11146,69345,,,219,,1,heal,
BG28,Alliance,Druid,15,3,44,85682,10930,,,849,1,,dps,
BG28,Alliance,Paladin,1,2,15,16469,12671,1,1,538,1,,dps,
BG28,Alliance,Demon Hunter,10,3,45,82541,16073,,,861,1,,dps,
BG28,Horde,Warlock,2,12,16,50784,30645,,,220,,1,dps,
BG28,Alliance,Mage,8,4,37,63112,6946,,,832,1,,dps,
BG28,Horde,Warlock,7,6,23,68785,44256,,,237,,1,dps,
BG28,Alliance,Monk,2,3,41,8886,118000,,,839,1,,heal,
BG28,Alliance,Warlock,7,3,41,62628,24025,,,844,1,,dps,
BG28,Horde,Warlock,1,1,14,6715,8909,,,217,,1,dps,
BG28,Horde,Druid,0,2,16,20666,16116,,,218,,1,dps,
BG28,Alliance,Warrior,5,3,39,50327,4656,2,,832,1,,dps,
BG28,Alliance,Rogue,4,5,38,61225,9215,1,,608,1,,dps,
BG28,Horde,Paladin,8,6,27,87013,13419,,,250,,1,dps,
BG29,Horde,Priest,7,4,23,58117,27284,,,516,1,,dps,
BG29,Horde,Paladin,1,0,14,7888,8930,,,500,1,,heal,
BG29,Alliance,Priest,3,5,13,30613,12804,,,202,,1,dps,
BG29,Alliance,Mage,1,1,12,16025,3195,1,,198,,1,dps,
BG29,Horde,Paladin,0,1,22,1739,18596,1,,514,1,,heal,
BG29,Horde,Druid,1,3,19,21357,3923,1,,363,1,,dps,
BG29,Horde,Shaman,0,1,25,8958,60665,,,522,1,,heal,
BG29,Alliance,Druid,0,1,11,4022,32412,,,194,,1,heal,
BG29,Alliance,Paladin,3,2,13,40414,15552,,,205,,1,dps,
BG29,Alliance,Hunter,0,0,12,17326,93,,,198,,1,dps,
BG29,Alliance,Warlock,0,5,13,17274,3538,,,202,,1,dps,
BG29,Horde,Rogue,4,1,23,30965,8881,1,,520,1,,dps,
BG29,Horde,Warlock,9,1,25,67340,14639,,,375,1,,dps,
BG29,Alliance,Druid,0,4,13,1131,70329,,,205,,1,heal,
BG29,Alliance,Demon Hunter,4,4,15,27774,2857,1,,211,,1,dps,
BG29,Horde,Rogue,2,2,12,28297,2544,,,498,1,,dps,
BG29,Horde,Warlock,6,1,25,56087,22772,,,525,1,,dps,
BG29,Horde,Demon Hunter,2,1,25,46473,6132,,,521,1,,dps,
BG29,Alliance,Shaman,3,3,15,57402,3008,,,211,,1,dps,
BG29,Alliance,Warrior,1,6,12,28500,4106,,,198,,1,dps,
BG30,Horde,Mage,3,2,31,39138,7526,,,388,1,,dps,
BG30,Horde,Warrior,2,0,5,4619,440,,,380,1,,dps,
BG30,Alliance,Warlock,7,4,24,42620,20739,,,275,,1,dps,
BG30,Alliance,Rogue,2,6,16,21629,14824,1,,246,,1,dps,
BG30,Horde,Warrior,7,6,25,67785,9924,,,539,1,,dps,
BG30,Alliance,Mage,5,2,23,50713,9909,,,272,,1,dps,
BG30,Alliance,Shaman,2,4,17,28973,6138,,,239,,1,dps,
BG30,Horde,Shaman,7,5,30,65704,16471,,,553,1,,dps,
BG30,Horde,Warrior,15,2,35,80974,19324,,,404,1,,dps,
BG30,Horde,Rogue,6,2,37,34201,4741,,,561,1,,dps,
BG30,Horde,Shaman,0,2,15,3634,50517,,1,506,1,,heal,
BG30,Alliance,Hunter,2,5,17,25822,6597,,,251,,1,dps,
BG30,Alliance,Death Knight,1,0,6,7090,1774,,,161,,1,dps,
BG30,Alliance,Priest,0,3,6,3862,8559,1,,188,,1,heal,
BG30,Alliance,Warlock,4,7,15,41154,23171,,,245,,1,dps,
BG30,Alliance,Monk,1,4,17,33703,29858,,,251,,1,dps,
BG30,Horde,Monk,0,1,7,2250,18789,,,485,1,,heal,
BG30,Horde,Death Knight,3,5,32,84194,34559,,,555,1,,dps,
BG30,Alliance,Mage,0,5,19,20289,0,,,257,,1,dps,
BG31,Alliance,Druid,4,9,31,42704,1675,,,469,,1,dps,1
BG31,Horde,Mage,6,7,46,95644,10628,,,490,1,,dps,1
BG31,Alliance,Warlock,3,8,23,44196,59369,4,,434,,1,dps,1
BG31,Alliance,Druid,0,8,36,22639,112000,,,476,,1,heal,1
BG31,Alliance,Warlock,2,2,33,48988,22759,,,463,,1,dps,1
BG31,Alliance,Paladin,11,5,35,140000,39553,1,,487,,1,dps,1
BG31,Horde,Rogue,10,4,42,90032,22282,1,,713,1,,dps,1
BG31,Alliance,Priest,0,3,25,11637,73700,,,448,,1,heal,1
BG31,Horde,Shaman,0,10,32,19747,136000,,,462,1,,heal,1
BG31,Alliance,Mage,0,3,18,22910,11304,1,,415,,1,dps,1
BG31,Horde,Paladin,4,4,13,52595,11601,,,653,1,,dps,1
BG31,Alliance,Druid,5,5,19,69221,38254,1,,424,,1,dps,1
BG31,Alliance,Priest,16,7,42,148000,55199,,,501,,1,dps,1
BG31,Horde,Death Knight,1,6,44,80907,44322,,,488,1,,dps,1
BG31,Horde,Warrior,14,5,48,79489,15892,,,725,1,,dps,1
BG31,Alliance,Warlock,11,9,29,80798,50254,,,476,,1,dps,1
BG31,Horde,Rogue,0,4,40,67392,20763,,,705,1,,dps,1
BG31,Horde,Death Knight,8,5,46,97246,51520,2,,493,1,,dps,1
BG31,Horde,Rogue,4,3,36,53968,15927,2,,701,1,,dps,1
BG31,Horde,Priest,12,5,48,134000,42916,1,,721,1,,dps,1
BG32,Alliance,Hunter,0,5,1,19000,539,,,161,,1,dps,
BG32,Alliance,Druid,0,2,0,14087,279,,,30,,1,dps,
BG32,Horde,Mage,0,0,9,12033,75,,,338,1,,dps,
BG32,Horde,Warrior,0,0,9,7010,0,,,488,1,,dps,
BG32,Horde,Warrior,10,0,25,36194,2949,,,371,1,,dps,
BG32,Horde,Mage,2,1,18,17669,2614,1,,506,1,,dps,
BG32,Alliance,Priest,0,1,0,0,13800,1,,157,,1,heal,
BG32,Horde,Demon Hunter,2,0,26,28866,2111,,,524,1,,dps,
BG32,Horde,Shaman,1,0,20,2402,37528,,,513,1,,heal,
BG32,Alliance,Priest,0,4,0,19784,4162,,,157,,1,dps,
BG32,Alliance,Mage,0,1,0,15014,3587,,,142,,1,dps,
BG32,Horde,Rogue,6,0,21,39651,1908,,,364,1,,dps,
BG32,Horde,Mage,0,0,11,11127,7799,,,345,1,,dps,
BG32,Alliance,Rogue,0,2,0,16016,3347,,,157,,1,dps,
BG32,Alliance,Paladin,1,4,1,6135,43753,,,161,,1,heal,
BG32,Alliance,Hunter,0,3,1,17262,4017,,,161,,1,dps,
BG32,Horde,Shaman,0,0,21,5429,52563,2,,364,1,,heal,
BG32,Alliance,Mage,0,4,1,13920,5276,,,161,,1,dps,
BG32,Horde,Paladin,6,0,25,57045,5153,,,368,1,,dps,
BG33,Horde,Priest,0,1,23,16714,128000,,,370,1,,heal,
BG33,Alliance,Rogue,0,1,0,2277,1177,,,202,,1,dps,
BG33,Alliance,Hunter,0,4,1,22974,10899,,,205,,1,dps,
BG33,Alliance,Death Knight,4,5,7,83759,24597,1,,240,,1,dps,
BG33,Alliance,Death Knight,0,3,4,45332,14176,,,233,,1,dps,
BG33,Alliance,Warlock,0,2,2,18863,15565,,,211,,1,dps,
BG33,Horde,Shaman,2,1,11,21257,7990,1,,347,1,,dps,
BG33,Horde,Shaman,0,1,25,9666,56712,,,520,1,,heal,
BG33,Horde,Mage,11,0,30,72913,3994,,,386,1,,dps,
BG33,Horde,Rogue,3,2,19,48875,12151,,,509,1,,dps,
BG33,Horde,Warlock,4,0,20,33520,30546,,,360,1,,dps,
BG33,Alliance,Warrior,1,5,2,34095,11427,,,218,,1,dps,
BG33,Alliance,Warlock,1,3,2,70149,46467,,,210,,1,dps,
BG33,Horde,Druid,6,0,21,94964,10202,,,363,1,,dps,
BG33,Horde,Paladin,3,1,23,46384,15068,1,,366,1,,dps,
BG33,Horde,Warlock,2,1,12,20383,7045,,,499,1,,dps,
BG33,Horde,Shaman,0,0,24,18160,61305,,,370,1,,heal,
BG33,Alliance,Paladin,1,1,2,21499,6360,,,168,,1,dps,
BG33,Alliance,Mage,0,0,0,17486,3513,,,202,,1,dps,
BG34,Alliance,Druid,5,0,30,71826,236,1,,784,1,,dps,
BG34,Horde,Monk,1,1,4,52319,38382,,,143,,1,dps,
BG34,Alliance,Shaman,1,0,28,31529,85010,,,772,1,,heal,
BG34,Horde,Shaman,0,0,3,16606,3778,,,111,,1,dps,
BG34,Horde,Warlock,0,2,3,43464,12174,1,,141,,1,dps,
BG34,Horde,Rogue,1,5,3,28011,1176,,,141,,1,dps,
BG34,Alliance,Paladin,1,0,26,3032,108000,,,764,1,,heal,
BG34,Alliance,Monk,6,1,27,67790,14150,,,769,1,,dps,
BG34,Horde,Shaman,0,7,3,16419,73464,,,141,,1,heal,
BG34,Alliance,Shaman,5,2,27,106000,16270,,,769,1,,dps,
BG34,Alliance,Druid,1,0,30,5011,119000,,,784,1,,heal,
BG34,Alliance,Druid,1,0,30,32690,3829,,1,559,1,,dps,
BG34,Alliance,Hunter,8,0,30,89493,8159,,,559,1,,dps,
BG34,Horde,Rogue,0,4,2,12436,9776,,,139,,1,dps,
BG34,Alliance,Death Knight,2,0,4,19681,21962,1,,496,1,,dps,
BG34,Horde,Death Knight,1,4,4,34195,4936,,,133,,1,dps,
BG34,Alliance,Hunter,4,1,28,53452,3194,,,773,1,,dps,
BG34,Horde,Druid,0,2,4,55026,29654,1,,143,,1,dps,
BG34,Horde,Death Knight,0,5,3,71937,18736,,,141,,1,dps,
BG34,Horde,Druid,0,1,4,820,72920,,,143,,1,heal,
