Code,Faction,Class,KB,D,HK,DD,HD,OP,VP,Honor,Win,Lose,Rol,BE
TK1,Alliance,Death Knight,6,3,58,25925,11314,4,444,554,1,,dps,
TK1,Alliance,Mage,6,2,57,28438,5258,1,120,251,1,,dps,
TK1,Alliance,Druid,8,3,55,45584,7932,,80,547,1,,dps,
TK1,Alliance,Shaman,0,0,59,7664,54796,,0,405,1,,heal,
TK1,Horde,Warrior,2,6,12,32693,7929,,20,185,,1,dps,
TK1,Alliance,Paladin,8,0,63,36252,11032,,80,413,1,,dps,
TK1,Alliance,Druid,0,0,63,519,112000,,0,563,1,,heal,
TK1,Horde,Warlock,0,7,11,26600,16275,,0,183,,1,dps,
TK1,Horde,Mage,0,8,11,29222,19680,2,70,183,,1,dps,
TK1,Horde,Paladin,1,8,13,30888,4536,2,48,187,,1,dps,
TK1,Horde,Demon Hunter,3,6,12,53560,3941,2,102,185,,1,dps,
TK1,Horde,Shaman,1,7,13,4277,26203,6,195,187,,1,heal,
TK1,Horde,Hunter,3,4,14,55258,1439,1,142,189,,1,dps,
TK1,Alliance,Warlock,7,2,53,30572,25501,2,274,396,1,,dps,
TK1,Alliance,Warrior,12,1,59,50490,11310,,120,555,1,,dps,
TK1,Horde,Demon Hunter,4,7,11,44185,4955,2,96,183,,1,dps,
TK1,Alliance,Paladin,3,3,62,21305,5853,3,271,561,1,,dps,
TK1,Horde,Monk,0,4,11,182,19596,3,145,183,,1,heal,
TK1,Horde,Warlock,0,6,12,7665,7230,1,72,185,,1,dps,
TK1,Alliance,Rogue,12,0,63,40777,2773,,120,413,1,,dps,
TK2,Alliance,Warrior,7,3,39,47600,15357,2,416,562,1,,dps,
TK2,Alliance,Druid,0,0,40,727,98081,,0,789,1,,heal,
TK2,Horde,Monk,0,4,11,4183,77442,1,17,157,,1,heal,
TK2,Horde,Death Knight,1,3,14,36888,7085,2,102,163,,1,dps,
TK2,Horde,Druid,1,7,9,43025,5737,,10,153,,1,dps,
TK2,Alliance,Paladin,7,0,40,79804,11908,,70,564,1,,dps,
TK2,Horde,Shaman,0,3,9,6092,28164,2,194,153,,1,heal,
TK2,Alliance,Warrior,9,2,38,58892,13942,3,430,784,1,,dps,
TK2,Alliance,Hunter,1,3,35,30043,1733,2,221,551,1,,dps,
TK2,Horde,Warlock,1,1,10,54384,15453,,10,145,,1,dps,
TK2,Horde,Warrior,4,6,13,51673,3985,1,92,161,,1,dps,
TK2,Horde,Warrior,1,4,14,43972,21916,,10,163,,1,dps,
TK2,Horde,Warrior,3,5,10,52674,5553,,30,155,,1,dps,
TK2,Alliance,Druid,1,0,40,2881,76860,,10,564,1,,heal,
TK2,Alliance,Mage,4,0,40,39389,2558,1,103,564,1,,dps,
TK2,Horde,Warrior,1,6,10,40636,7398,2,72,155,,1,dps,
TK2,Alliance,Death Knight,5,2,39,46325,38957,2,78,787,1,,dps,
TK2,Horde,Shaman,0,0,6,420,21512,,0,147,,1,heal,
TK2,Alliance,Death Knight,2,3,37,52797,10996,1,36,556,1,,dps,
TK2,Alliance,Druid,4,2,35,55274,10055,2,179,551,1,,dps,
TK3,Alliance,Paladin,1,3,19,28403,9156,,10,260,,1,dps,
TK3,Horde,Demon Hunter,4,4,36,33317,8092,2,220,532,1,,dps,
TK3,Horde,Demon Hunter,3,2,41,15656,3075,3,286,542,1,,dps,
TK3,Horde,Mage,4,1,42,32779,8813,,40,544,1,,dps,
TK3,Horde,Death Knight,5,2,38,27892,21767,2,208,536,1,,dps,
TK3,Alliance,Shaman,2,7,16,31373,2979,,20,250,,1,dps,
TK3,Horde,Warlock,6,4,35,34928,21698,3,204,380,1,,dps,
TK3,Horde,Hunter,6,2,40,36875,3791,3,328,540,1,,dps,
TK3,Alliance,Monk,4,6,20,40171,15493,2,118,262,,1,dps,
TK3,Horde,Shaman,0,3,36,9444,115000,3,126,532,1,,heal,
TK3,Alliance,Mage,3,5,14,80459,25562,2,80,243,,1,dps,
TK3,Alliance,Warrior,6,6,18,58965,10083,,60,261,,1,dps,
TK3,Alliance,Demon Hunter,2,3,21,18810,10863,3,202,267,,1,dps,
TK3,Alliance,Warrior,1,2,7,27430,3198,,10,163,,1,dps,
TK3,Alliance,Warlock,1,2,4,14054,3579,,10,154,,1,dps,
TK3,Horde,Demon Hunter,5,2,38,42652,6062,,50,536,1,,dps,
TK3,Alliance,Paladin,2,4,17,17365,6644,2,64,256,,1,dps,
TK3,Alliance,Rogue,1,5,18,40260,1691,,10,258,,1,dps,
TK3,Horde,Warlock,3,3,42,38129,18149,,30,544,1,,dps,
TK3,Horde,Paladin,6,0,44,56388,19717,,60,548,1,,dps,
TK4,Alliance,Paladin,15,3,51,110000,25344,1,182,406,,1,dps,
TK4,Alliance,Warlock,12,2,53,107000,33890,,120,414,,1,dps,
TK4,Horde,Shaman,10,4,41,89306,13354,1,132,535,1,,dps,
TK4,Alliance,Hunter,9,5,48,111000,8083,2,210,399,,1,dps,
TK4,Horde,Paladin,8,6,39,71519,14853,2,116,531,1,,dps,
TK4,Horde,Warrior,8,5,41,57200,10280,4,218,385,1,,dps,
TK4,Horde,Druid,7,7,38,56858,4410,2,200,529,1,,dps,
TK4,Alliance,Death Knight,6,3,51,62616,20198,,60,406,,1,dps,
TK4,Alliance,Death Knight,5,7,45,52500,14125,3,164,391,,1,dps,
TK4,Horde,Mage,4,4,41,75821,18728,2,138,535,1,,dps,
TK4,Alliance,Warrior,3,7,40,49141,5890,1,54,378,,1,dps,
TK4,Horde,Rogue,3,5,38,58952,3635,,30,529,1,,dps,
TK4,Horde,Druid,2,6,34,24641,9937,3,144,521,1,,dps,
TK4,Alliance,Mage,2,6,42,40390,12718,3,120,388,,1,dps,
TK4,Alliance,Priest,1,1,54,32768,95948,,10,417,,1,heal,
TK4,Horde,Shaman,0,8,35,10532,109000,5,210,523,1,,heal,
TK4,Alliance,Paladin,0,5,44,8162,31777,4,132,391,,1,heal,
TK4,Horde,Death Knight,0,5,35,30200,50294,5,284,373,1,,dps,
TK4,Alliance,Mage,0,4,41,33043,5391,4,144,383,,1,dps,
TK4,Horde,Druid,0,4,38,842,98411,2,44,379,1,,heal,
TK5,Alliance,Hunter,5,2,27,52828,4933,,50,337,,1,dps,
TK5,Horde,Demon Hunter,8,1,56,78372,9397,1,104,563,1,,dps,
TK5,Alliance,Demon Hunter,2,8,17,67018,13042,,20,309,,1,dps,
TK5,Horde,Warrior,11,3,50,61415,14373,1,172,401,1,,dps,
TK5,Horde,Demon Hunter,7,5,48,44773,6194,3,260,395,1,,dps,
TK5,Alliance,Death Knight,4,7,19,47193,17033,6,322,308,,1,dps,
TK5,Alliance,Druid,4,3,26,85965,12005,,40,336,,1,dps,
TK5,Horde,Warlock,4,5,49,53797,32985,1,114,393,1,,dps,
TK5,Horde,Shaman,0,4,52,19266,76639,3,126,555,1,,heal,
TK5,Alliance,Mage,0,7,21,16805,5233,,0,318,,1,dps,
TK5,Alliance,Priest,0,6,19,2014,20466,1,44,309,,1,heal,
TK5,Alliance,Shaman,1,3,26,50143,13530,3,198,334,,1,dps,
TK5,Horde,Druid,1,5,41,23257,10814,3,200,531,1,,dps,
TK5,Horde,Priest,3,0,56,20153,152000,,30,413,1,,heal,
TK5,Horde,Rogue,5,3,52,57792,2635,1,110,551,1,,dps,
TK5,Horde,Druid,3,3,49,16615,12417,3,256,549,1,,dps,
TK5,Alliance,Priest,2,5,22,14164,51093,4,168,323,,1,heal,
TK5,Alliance,Warrior,5,7,20,66317,12336,,50,317,,1,dps,
TK5,Alliance,Warrior,2,7,22,56111,6297,2,92,318,,1,dps,
TK5,Horde,Warrior,15,0,56,88713,14976,,150,413,1,,dps,
TK6,Alliance,Demon Hunter,4,6,19,40144,2364,1,54,165,,1,dps,
TK6,Horde,Mage,0,2,37,19317,4111,,0,520,1,,dps,
TK6,Alliance,Paladin,1,5,20,1450,21173,4,58,169,,1,heal,
TK6,Alliance,Warlock,3,3,25,24614,11955,,30,179,,1,dps,
TK6,Alliance,Mage,0,4,16,24478,5175,1,26,157,,1,dps,
TK6,Horde,Mage,3,3,37,16050,5989,,30,518,1,,dps,
TK6,Horde,Warrior,3,2,39,18658,10170,3,337,522,1,,dps,
TK6,Horde,Shaman,0,2,39,4783,49940,2,138,522,1,,heal,
TK6,Horde,Rogue,7,2,35,21936,4953,1,159,366,1,,dps,
TK6,Alliance,Demon Hunter,1,6,16,12232,4278,3,144,163,,1,dps,
TK6,Alliance,Death Knight,2,4,23,23452,24221,1,32,173,,1,dps,
TK6,Horde,Rogue,7,2,36,16219,4135,2,275,516,1,,dps,
TK6,Horde,Mage,6,3,39,25811,5031,,60,522,1,,dps,
TK6,Horde,Warlock,7,2,39,25832,16403,,70,374,1,,dps,
TK6,Alliance,Hunter,5,4,23,15034,1119,1,66,173,,1,dps,
TK6,Alliance,Druid,0,2,18,417,593,1,115,165,,1,heal,
TK6,Alliance,Rogue,5,3,21,15941,3727,,50,167,,1,dps,
TK6,Horde,Warrior,5,5,37,16834,0,3,251,368,1,,dps,
TK6,Horde,Rogue,2,2,41,18018,3654,,20,528,1,,dps,
TK6,Alliance,Warlock,2,4,23,8873,11163,,20,173,,1,dps,
TK7,Horde,Rogue,4,2,30,21243,2127,2,174,508,1,,dps,
TK7,Alliance,Druid,7,4,28,29090,7893,,70,193,,1,dps,
TK7,Horde,Rogue,2,3,35,18594,1540,,20,368,1,,dps,
TK7,Horde,Warrior,10,3,34,23982,982,2,271,366,1,,dps,
TK7,Alliance,Druid,0,2,29,657,29445,1,56,195,,1,heal,
TK7,Alliance,Mage,2,5,25,18870,4399,2,128,187,,1,dps,
TK7,Horde,Warrior,6,3,33,29098,1119,3,274,364,1,,dps,
TK7,Horde,Shaman,0,4,33,7964,36776,5,372,513,1,,heal,
TK7,Alliance,Shaman,0,7,24,459,21956,6,220,185,,1,heal,
TK7,Alliance,Demon Hunter,8,4,28,39718,4707,1,108,193,,1,dps,
TK7,Horde,Druid,2,2,34,11218,2420,2,222,365,1,,dps,
TK7,Alliance,Rogue,4,1,30,15663,1121,,40,197,,1,dps,
TK7,Alliance,Druid,1,2,30,408,33430,,10,197,,1,heal,
TK7,Alliance,Shaman,0,0,30,7165,35460,,0,197,,1,heal,
TK7,Horde,Demon Hunter,5,4,34,54877,2465,,50,366,1,,dps,
TK7,Horde,Monk,3,3,30,33851,10463,,30,507,1,,dps,
TK7,Horde,Warrior,3,3,33,22460,2094,1,103,513,1,,dps,
TK7,Horde,Monk,0,3,34,811,29869,,0,515,1,,heal,
TK7,Alliance,Warrior,7,5,29,18734,743,2,136,195,,1,dps,
TK7,Alliance,Demon Hunter,0,4,29,14271,6498,1,36,195,,1,dps,
TK8,Alliance,Paladin,0,0,46,776,44074,,0,389,1,,heal,
TK8,Horde,Demon Hunter,1,5,12,22140,3990,1,22,136,,1,dps,
TK8,Alliance,Warlock,5,0,46,23575,9552,,50,453,1,,dps,
TK8,Alliance,Demon Hunter,5,1,43,14415,4208,2,311,383,1,,dps,
TK8,Alliance,Demon Hunter,2,3,41,11999,954,3,153,379,1,,dps,
TK8,Alliance,Rogue,7,2,41,15652,680,1,107,529,1,,dps,
TK8,Horde,Shaman,0,6,11,2161,10910,3,70,134,,1,heal,
TK8,Horde,Shaman,0,5,8,1813,789,2,41,128,,1,dps,
TK8,Horde,Rogue,2,6,11,11151,1511,1,52,135,,1,dps,
TK8,Alliance,Hunter,3,2,45,23767,16689,2,202,445,1,,dps,
TK8,Alliance,Warrior,8,2,39,9592,2314,2,365,375,1,,dps,
TK8,Horde,Mage,1,6,9,14868,684,,10,130,,1,dps,
TK8,Horde,Rogue,0,3,11,6714,858,,0,135,,1,dps,
TK8,Alliance,Rogue,3,2,39,11241,1791,2,197,435,1,,dps,
TK8,Alliance,Paladin,7,0,46,23275,7033,1,88,389,1,,dps,
TK8,Horde,Warlock,2,4,9,22391,9911,2,56,130,,1,dps,
TK8,Horde,Rogue,5,5,13,20230,3127,,50,139,,1,dps,
TK8,Alliance,Warrior,6,1,43,21528,3270,,60,442,1,,dps,
TK8,Horde,Mage,2,4,13,11738,6312,,20,139,,1,dps,
TK9,Horde,Monk,10,7,26,37017,1028,2,167,232,,1,dps,
TK9,Alliance,Mage,1,2,51,23153,4868,1,78,409,1,,dps,
TK9,Horde,Rogue,4,6,25,14648,1417,,40,230,,1,dps,
TK9,Alliance,Paladin,2,5,40,14447,4293,5,318,400,1,,dps,
TK9,Alliance,Warrior,4,3,51,20146,954,2,144,409,1,,dps,
TK9,Horde,Hunter,2,5,28,24702,5084,3,159,236,,1,dps,
TK9,Horde,Warrior,3,7,20,14067,1804,,30,220,,1,dps,
TK9,Alliance,Mage,7,1,59,26239,3853,,70,425,1,,dps,
TK9,Horde,Demon Hunter,2,5,26,32412,5569,1,152,232,,1,dps,
TK9,Alliance,Death Knight,7,6,51,27515,13645,6,342,559,1,,dps,
TK9,Horde,Shaman,1,2,12,6719,1310,,10,138,,1,dps,
TK9,Horde,Shaman,1,6,27,4967,31241,3,89,234,,1,heal,
TK9,Alliance,Shaman,12,3,52,31495,11740,1,234,411,1,,dps,
TK9,Alliance,Rogue,6,3,54,27217,1183,,60,565,1,,dps,
TK9,Alliance,Rogue,11,2,57,17946,2051,,110,421,1,,dps,
TK9,Alliance,Paladin,10,3,55,35660,9172,1,121,417,1,,dps,
TK9,Horde,Priest,5,7,28,33481,11695,3,148,236,,1,dps,
TK9,Horde,Paladin,0,4,27,8769,5616,4,126,234,,1,dps,
TK9,Horde,Rogue,4,8,27,20585,70,,40,234,,1,dps,
TK9,Alliance,Monk,0,4,55,105,66324,1,43,567,1,,heal,
TK10,Alliance,Priest,4,6,28,45014,8505,,40,226,,1,dps,
TK10,Alliance,Hunter,2,7,28,19295,4850,3,90,229,,1,dps,
TK10,Horde,Monk,5,4,45,13002,8463,5,433,528,1,,dps,
TK10,Alliance,Rogue,2,3,31,17239,2686,1,99,230,,1,dps,
TK10,Alliance,Warlock,2,4,11,15464,5659,2,79,147,,1,dps,
TK10,Horde,Death Knight,3,2,49,10892,10115,2,117,546,1,,dps,
TK10,Horde,Paladin,8,1,50,41327,12071,,80,398,1,,dps,
TK10,Horde,Rogue,3,6,48,16656,4192,5,98,394,1,,dps,
TK10,Alliance,Druid,2,0,8,8264,2812,,20,110,,1,dps,
TK10,Horde,Shaman,0,2,49,5464,66158,1,34,546,1,,heal,
TK10,Horde,Demon Hunter,12,4,47,28853,4672,1,206,395,1,,dps,
TK10,Alliance,Warrior,2,7,25,8935,759,4,218,222,,1,dps,
TK10,Alliance,Demon Hunter,5,7,27,44477,7646,,50,226,,1,dps,
TK10,Horde,Paladin,8,4,41,35243,8573,1,133,530,1,,dps,
TK10,Horde,Priest,0,2,45,344,41371,1,4,538,1,,heal,
TK10,Horde,Paladin,10,0,52,28796,5919,,100,402,1,,dps,
TK10,Alliance,Paladin,0,5,26,3389,19144,1,41,224,,1,heal,
TK10,Alliance,Demon Hunter,2,7,20,21366,260,2,82,211,,1,dps,
TK10,Horde,Warlock,2,6,42,22136,19597,4,322,382,1,,dps,
TK10,Alliance,Warlock,8,4,29,28722,16078,2,171,231,,1,dps,
TK11,Alliance,Warlock,3,6,15,25219,5384,1,63,145,,1,dps,
TK11,Horde,Rogue,2,2,43,9855,1301,3,300,379,1,,dps,
TK11,Alliance,Warlock,0,0,4,8131,5667,,0,104,,1,dps,
TK11,Horde,Death Knight,3,1,43,38620,7204,1,163,529,1,,dps,
TK11,Alliance,Shaman,3,6,15,10415,2947,1,42,145,,1,dps,
TK11,Horde,Demon Hunter,4,2,44,27838,4272,1,57,381,1,,dps,
TK11,Horde,Warrior,5,4,35,16007,2137,1,168,513,1,,dps,
TK11,Horde,Shaman,0,3,41,4601,42311,3,108,525,1,,heal,
TK11,Alliance,Death Knight,2,4,15,22344,6085,,20,146,,1,dps,
TK11,Alliance,Death Knight,2,3,13,8995,5168,,20,141,,1,dps,
TK11,Alliance,Death Knight,4,4,16,28500,7693,1,62,146,,1,dps,
TK11,Alliance,Rogue,4,5,14,14064,3306,,40,143,,1,dps,
TK11,Horde,Rogue,1,1,43,10390,1553,,10,379,1,,dps,
TK11,Horde,Paladin,16,0,45,35090,11090,,160,383,1,,dps,
TK11,Horde,Druid,2,5,40,10537,7122,4,170,373,1,,dps,
TK11,Horde,Warrior,6,2,42,20952,2547,1,294,527,1,,dps,
TK11,Alliance,Rogue,1,5,18,12065,5445,1,41,152,,1,dps,
TK11,Alliance,Druid,0,3,18,861,24177,,0,150,,1,heal,
TK11,Horde,Shaman,6,0,45,13205,5719,1,81,533,1,,dps,
TK11,Alliance,Demon Hunter,1,7,11,6843,828,1,31,137,,1,dps,
TK12,Alliance,Hunter,0,0,3,8519,7349,,0,153,,1,dps,
TK12,Horde,Demon Hunter,1,0,26,23318,1301,,10,503,1,,dps,
TK12,Alliance,Druid,0,2,3,12462,7766,,0,153,,1,dps,
TK12,Alliance,Hunter,0,3,1,59714,4953,1,16,145,,1,dps,
TK12,Horde,Priest,1,0,26,6914,98271,,10,353,1,,heal,
TK12,Horde,Death Knight,5,0,26,39247,8481,,50,503,1,,dps,
TK12,Horde,Shaman,0,1,24,2350,35636,2,320,499,1,,heal,
TK12,Horde,Warlock,1,0,26,16071,1684,,10,353,1,,dps,
TK12,Alliance,Rogue,0,4,2,36982,3574,,0,149,,1,dps,
TK12,Horde,Paladin,4,0,26,27810,5621,1,230,503,1,,dps,
TK12,Alliance,Warrior,0,3,1,11540,1653,1,16,146,,1,dps,
TK12,Alliance,Mage,1,3,2,16299,6069,,10,150,,1,dps,
TK12,Horde,Rogue,1,1,25,13529,4761,1,268,501,1,,dps,
TK12,Horde,Mage,7,0,26,22797,5377,,70,501,1,,dps,
TK12,Alliance,Priest,0,3,2,4152,11838,,0,149,,1,heal,
TK12,Horde,Warrior,3,0,26,28089,3314,1,358,501,1,,dps,
TK12,Alliance,Demon Hunter,1,4,3,29015,3672,1,30,153,,1,dps,
TK12,Alliance,Rogue,0,3,1,21828,9299,,0,145,,1,dps,
TK12,Horde,Death Knight,3,1,24,14902,25871,2,198,497,1,,dps,
TK13,Alliance,Druid,1,5,34,579,131000,3,78,400,,1,heal,
TK13,Alliance,Warlock,0,7,35,28988,21865,6,258,403,,1,dps,
TK13,Alliance,Death Knight,7,5,38,140000,23607,3,224,410,,1,dps,
TK13,Horde,Demon Hunter,4,2,46,71962,19836,,40,541,1,,dps,
TK13,Alliance,Hunter,6,6,37,101000,5765,1,128,408,,1,dps,
TK13,Horde,Monk,0,3,47,0,176000,1,24,393,1,,heal,
TK13,Horde,Rogue,9,2,49,78323,23932,,90,547,1,,dps,
TK13,Horde,Shaman,7,5,40,99117,7920,1,104,529,1,,dps,
TK13,Horde,Warrior,10,4,49,89436,16007,,100,547,1,,dps,
TK13,Alliance,Mage,5,8,35,94137,36356,3,220,404,,1,dps,
TK13,Horde,Shaman,1,5,48,10297,96458,6,238,395,1,,heal,
TK13,Horde,Paladin,4,4,44,44358,41300,5,384,537,1,,dps,
TK13,Horde,Demon Hunter,3,4,42,41994,2633,2,166,383,1,,dps,
TK13,Alliance,Warrior,11,4,36,68310,13563,2,248,405,,1,dps,
TK13,Alliance,Druid,0,1,40,1003,77531,,0,416,,1,heal,
TK13,Horde,Hunter,6,7,45,82401,3816,7,282,389,1,,dps,
TK13,Alliance,Hunter,4,4,37,56062,6574,1,84,409,,1,dps,
TK13,Alliance,Hunter,2,5,33,73636,8484,2,80,400,,1,dps,
TK13,Alliance,Rogue,5,5,37,41053,7480,,50,408,,1,dps,
TK13,Horde,Warrior,6,5,41,58584,10628,2,96,531,1,,dps,
TK14,Alliance,Death Knight,2,4,32,42662,8678,3,144,347,,1,dps,
TK14,Alliance,Mage,0,4,39,10955,2449,4,120,363,,1,dps,
TK14,Horde,Warlock,6,2,33,82344,24761,1,72,364,1,,dps,
TK14,Horde,Warrior,8,6,25,86048,9333,4,188,358,1,,dps,
TK14,Alliance,Monk,6,4,41,89222,18639,,60,369,,1,dps,
TK14,Alliance,Mage,7,0,42,65391,8774,,70,372,,1,dps,
TK14,Alliance,Paladin,4,4,38,81646,14746,,40,360,,1,dps,
TK14,Alliance,Mage,6,4,35,81291,30027,5,220,354,,1,dps,
TK14,Horde,Shaman,0,5,33,13630,129000,5,316,374,1,,heal,
TK14,Alliance,Monk,0,3,40,2104,173000,,0,368,,1,heal,
TK14,Alliance,Demon Hunter,11,3,42,140000,24964,1,246,373,,1,dps,
TK14,Horde,Druid,2,5,32,27410,25661,5,428,522,1,,dps,
TK14,Alliance,Demon Hunter,3,4,35,47434,6110,3,130,359,,1,dps,
TK14,Horde,Rogue,0,6,27,35088,3370,2,46,512,1,,dps,
TK14,Horde,Mage,3,5,31,61415,19862,2,136,370,1,,dps,
TK14,Horde,Hunter,4,5,29,44696,7467,2,124,516,1,,dps,
TK14,Horde,Paladin,6,2,30,130000,31887,1,92,368,1,,dps,
TK14,Alliance,Shaman,1,3,40,3787,81047,,10,366,,1,heal,
TK14,Horde,Mage,4,3,30,76612,10672,,40,368,1,,dps,
TK14,Horde,Druid,0,4,30,147,110000,2,80,518,1,,heal,
TK15,Alliance,Druid,0,2,17,3014,80452,,0,244,,1,heal,
TK15,Horde,Druid,8,1,32,107000,1044,,80,517,1,,dps,
TK15,Alliance,Warlock,2,5,13,43744,18637,1,44,232,,1,dps,
TK15,Horde,Warrior,7,1,30,53753,11686,1,144,513,1,,dps,
TK15,Horde,Demon Hunter,2,3,30,43392,11974,4,360,513,1,,dps,
TK15,Alliance,Hunter,4,5,17,64628,6708,,30,244,,1,dps,
TK15,Alliance,Shaman,0,3,14,8494,82772,2,156,237,,1,heal,
TK15,Alliance,Demon Hunter,2,3,17,62322,5202,1,36,244,,1,dps,
TK15,Horde,Shaman,1,3,25,11395,84427,3,260,503,1,,heal,
TK15,Horde,Priest,0,2,32,0,160000,,0,517,1,,heal,
TK15,Alliance,Priest,0,4,19,18455,111000,1,24,251,,1,heal,
TK15,Horde,Mage,2,1,30,52389,3678,2,300,513,1,,dps,
TK15,Horde,Warlock,4,1,33,80137,28552,,40,519,1,,dps,
TK15,Alliance,Shaman,5,3,17,95019,14874,,50,244,,1,dps,
TK15,Horde,Warrior,2,4,24,43722,1994,4,290,501,1,,dps,
TK15,Alliance,Paladin,1,3,18,68113,9642,2,90,244,,1,dps,
TK15,Horde,Death Knight,5,2,33,75589,31472,,50,519,1,,dps,
TK15,Horde,Mage,1,2,31,52493,7418,,10,365,1,,dps,
TK15,Alliance,Demon Hunter,2,1,18,46257,18557,,20,248,,1,dps,
TK15,Alliance,Rogue,4,3,19,42048,15587,1,68,250,,1,dps,
TK16,Alliance,Paladin,1,1,9,530,24974,,10,175,,1,heal,
TK16,Alliance,Paladin,0,1,10,12796,5987,,0,192,,1,dps,
TK16,Horde,Paladin,0,3,48,2934,157000,,0,402,1,,heal,
TK16,Horde,Warlock,10,3,46,83174,23858,3,212,548,1,,dps,
TK16,Horde,Warrior,9,5,39,49415,5452,6,456,384,1,,dps,
TK16,Horde,Druid,2,4,46,30242,4069,,20,548,1,,dps,
TK16,Alliance,Rogue,4,1,14,36795,2088,,40,219,,1,dps,
TK16,Horde,Warrior,10,4,47,48192,14157,2,214,550,1,,dps,
TK16,Alliance,Paladin,4,7,30,65098,26829,4,138,322,,1,dps,
TK16,Horde,Druid,5,3,45,40686,20344,1,174,546,1,,dps,
TK16,Alliance,Hunter,5,4,27,125000,12438,1,82,311,,1,dps,
TK16,Horde,Shaman,0,4,45,17235,130000,4,246,396,1,,heal,
TK16,Alliance,Druid,2,6,26,64656,12513,2,106,309,,1,dps,
TK16,Alliance,Hunter,2,7,24,36981,10817,2,108,305,,1,dps,
TK16,Horde,Warlock,8,2,45,73862,15394,,80,396,1,,dps,
TK16,Horde,Monk,1,2,27,9347,2770,2,92,473,1,,dps,
TK16,Alliance,Shaman,0,4,23,3754,24783,3,134,301,,1,heal,
TK16,Alliance,Druid,7,7,27,63084,7388,3,154,314,,1,dps,
TK16,Horde,Mage,5,0,51,42275,10795,,50,558,1,,dps,
TK17,Alliance,Demon Hunter,0,3,5,30181,8397,,0,155,,1,dps,
TK17,Alliance,Mage,0,1,5,35673,11267,,0,155,,1,dps,
TK17,Horde,Rogue,3,0,24,34584,3903,,30,498,1,,dps,
TK17,Alliance,Warlock,2,4,5,26658,9228,,20,155,,1,dps,
TK17,Horde,Priest,4,0,24,66848,11947,,40,348,1,,dps,
TK17,Horde,Paladin,4,1,22,41288,12433,3,360,494,1,,dps,
TK17,Horde,Shaman,1,1,24,4130,45949,2,348,348,1,,heal,
TK17,Horde,Demon Hunter,3,0,24,37983,6561,1,362,498,1,,dps,
TK17,Horde,Demon Hunter,1,1,20,7071,982,,10,490,1,,dps,
TK17,Alliance,Mage,2,1,5,25844,10866,,20,155,,1,dps,
TK17,Alliance,Monk,0,1,5,1083,54804,,0,155,,1,heal,
TK17,Alliance,Warrior,1,3,4,8361,2384,1,28,152,,1,dps,
TK17,Alliance,Mage,0,2,4,24508,3615,,0,152,,1,dps,
TK17,Horde,Rogue,2,0,24,25481,2573,,20,498,1,,dps,
TK17,Alliance,Priest,0,2,3,26421,8200,,0,149,,1,dps,
TK17,Horde,Priest,0,0,24,20056,83621,,0,498,1,,heal,
TK17,Horde,Rogue,3,2,22,24897,1277,1,252,344,1,,dps,
TK17,Alliance,Druid,0,2,5,573,42840,2,80,155,,1,heal,
TK17,Horde,Mage,2,0,24,29245,7463,1,100,498,1,,dps,
TK17,Alliance,Warrior,0,5,2,5518,580,1,28,147,,1,dps,
TK18,Horde,Druid,2,8,18,46023,3560,2,102,236,,1,dps,1
TK18,Alliance,Mage,3,2,54,50139,11408,2,138,717,1,,dps,1
TK18,Alliance,Monk,2,4,49,19682,63722,3,280,1038,1,,heal,1
TK18,Horde,Shaman,0,5,18,8155,52525,4,160,237,,1,heal,1
TK18,Alliance,Mage,5,5,44,31525,14035,5,346,688,1,,dps,1
TK18,Alliance,Hunter,8,1,60,74246,5960,2,192,1069,1,,dps,1
TK18,Horde,Mage,1,5,17,64917,19161,1,54,235,,1,dps,1
TK18,Alliance,Rogue,2,5,48,30889,7506,2,130,695,1,,dps,1
TK18,Alliance,Paladin,3,1,59,67543,20838,,30,1068,1,,dps,1
TK18,Horde,Death Knight,2,6,18,79421,31183,1,36,237,,1,dps,1
TK18,Horde,Warrior,6,7,13,45738,3546,,60,227,,1,dps,1
TK18,Alliance,Priest,0,1,59,1637,195000,,0,731,1,,heal,1
TK18,Horde,Demon Hunter,0,7,14,44186,10973,3,56,229,,1,dps,1
TK18,Horde,Mage,3,7,16,66487,9653,1,64,231,,1,dps,1
TK18,Alliance,Hunter,4,2,56,62711,3727,1,112,1060,1,,dps,1
TK18,Alliance,Warlock,9,0,62,87828,27487,,90,1074,1,,dps,1
TK18,Alliance,Paladin,23,0,62,101000,12423,,230,737,1,,dps,1
TK18,Horde,Death Knight,2,4,17,25122,18828,3,112,235,,1,dps,1
TK18,Horde,Paladin,0,6,17,10283,46352,3,82,235,,1,heal,1
TK18,Horde,Warlock,5,7,15,48000,16814,2,106,231,,1,dps,1
TK19,Alliance,Demon Hunter,3,2,47,70484,10373,1,88,580,1,,dps,
TK19,Horde,Rogue,7,4,26,47437,4763,,70,201,,1,dps,
TK19,Alliance,Druid,0,2,47,1014,128000,1,72,814,1,,heal,
TK19,Alliance,Paladin,5,4,42,46811,24846,5,324,794,1,,dps,
TK19,Alliance,Warlock,9,3,49,81937,15134,1,110,818,1,,dps,
TK19,Alliance,Mage,4,4,45,33576,12256,5,250,805,1,,dps,
TK19,Alliance,Mage,6,2,49,76287,6535,,60,592,1,,dps,
TK19,Horde,Mage,3,4,24,71009,3386,1,66,197,,1,dps,
TK19,Horde,Shaman,1,5,22,11168,86090,3,126,193,,1,heal,
TK19,Alliance,Demon Hunter,4,3,43,26973,22460,2,134,801,1,,dps,
TK19,Horde,Warrior,6,6,25,52467,9495,1,96,199,,1,dps,
TK19,Horde,Demon Hunter,1,5,19,29207,2983,2,50,187,,1,dps,
TK19,Horde,Priest,0,5,23,10330,114000,2,88,195,,1,heal,
TK19,Alliance,Demon Hunter,10,1,50,87765,10367,,100,815,1,,dps,
TK19,Horde,Demon Hunter,5,4,24,66599,8955,1,82,197,,1,dps,
TK19,Horde,Shaman,3,8,21,66610,6397,1,52,191,,1,dps,
TK19,Alliance,Demon Hunter,4,3,51,67876,8942,,40,825,1,,dps,
TK19,Alliance,Shaman,0,5,46,4639,60170,5,362,585,1,,heal,
TK19,Horde,Mage,3,6,22,58897,15577,4,158,193,,1,dps,
TK19,Horde,Warlock,0,2,29,40329,13640,,0,207,,1,dps,
TK20,Horde,Warlock,2,3,22,43576,20655,4,174,185,,1,dps,
TK20,Alliance,Warrior,3,6,36,19329,3194,,30,561,1,,dps,
TK20,Alliance,Paladin,0,5,39,3606,98315,4,194,794,1,,heal,
TK20,Alliance,Warlock,7,4,40,85586,26630,,70,800,1,,dps,
TK20,Horde,Rogue,5,7,37,75885,14350,,50,250,,1,dps,
TK20,Horde,Death Knight,4,5,38,95537,86042,3,182,252,,1,dps,
TK20,Horde,Mage,8,3,38,77197,7210,,80,252,,1,dps,
TK20,Horde,Warrior,3,5,38,52652,4186,1,48,252,,1,dps,
TK20,Horde,Shaman,0,8,36,7988,93927,3,120,248,,1,heal,
TK20,Alliance,Paladin,10,3,36,96948,20301,,100,771,1,,dps,
TK20,Horde,Hunter,3,3,36,40886,11454,,30,248,,1,dps,
TK20,Alliance,Paladin,15,1,42,120000,36123,,150,579,1,,dps,
TK20,Alliance,Monk,0,5,41,35008,61404,4,314,801,1,,heal,
TK20,Alliance,Rogue,3,4,41,58569,12269,1,94,800,1,,dps,
TK20,Horde,Monk,0,3,41,6639,116000,2,102,258,,1,heal,
TK20,Alliance,Druid,2,5,41,52062,17833,5,288,577,1,,dps,
TK20,Horde,Hunter,8,3,31,47878,10866,,80,213,,1,dps,
TK20,Alliance,Paladin,2,5,37,92763,23055,1,76,792,1,,dps,
TK20,Horde,Mage,5,3,39,86515,16473,2,82,254,,1,dps,
TK20,Alliance,Hunter,2,6,41,57969,9310,3,188,577,1,,dps,
TK21,Alliance,Monk,4,4,22,39702,19076,,40,246,,1,dps,
TK21,Horde,Rogue,6,2,38,42395,4749,3,166,529,1,,dps,
TK21,Horde,Warlock,1,5,34,19102,12146,2,48,521,1,,dps,
TK21,Alliance,Paladin,3,5,23,52063,14630,1,118,252,,1,dps,
TK21,Horde,Death Knight,4,4,33,39191,18903,,40,370,1,,dps,
TK21,Horde,Shaman,0,4,41,10269,91595,3,340,536,1,,heal,
TK21,Horde,Death Knight,6,1,43,23545,14513,,60,540,1,,dps,
TK21,Alliance,Warlock,5,4,22,56880,22975,1,94,246,,1,dps,
TK21,Horde,Warrior,7,3,38,38509,11850,,70,379,1,,dps,
TK21,Alliance,Mage,2,6,22,31119,769,,20,245,,1,dps,
TK21,Horde,Demon Hunter,1,4,29,11679,1956,3,206,362,1,,dps,
TK21,Alliance,Shaman,3,6,24,42817,6532,1,46,253,,1,dps,
TK21,Alliance,Druid,0,5,21,25909,4852,2,40,242,,1,dps,
TK21,Alliance,Warrior,5,4,24,42177,2774,,50,251,,1,dps,
TK21,Horde,Druid,5,2,39,72724,11281,,50,381,1,,dps,
TK21,Alliance,Paladin,0,3,27,3323,40559,1,12,264,,1,heal,
TK21,Horde,Mage,6,4,33,38118,7450,5,312,519,1,,dps,
TK21,Horde,Warlock,7,1,41,46512,8569,1,224,386,1,,dps,
TK21,Alliance,Warrior,7,3,20,29758,8636,,70,231,,1,dps,
TK22,Horde,Mage,7,6,58,79443,40491,4,290,426,1,,dps,
TK22,Alliance,Mage,4,6,54,75880,11597,,40,466,,1,dps,
TK22,Alliance,Druid,0,7,44,0,69591,1,20,434,,1,heal,
TK22,Horde,Rogue,5,5,53,34547,9505,,50,416,1,,dps,
TK22,Alliance,Paladin,14,7,50,83601,20097,6,312,456,,1,dps,
TK22,Alliance,Shaman,5,8,47,73443,19092,6,252,445,,1,dps,
TK22,Alliance,Mage,4,5,46,52811,10124,,40,444,,1,dps,
TK22,Horde,Shaman,0,7,56,10096,80033,7,314,422,1,,heal,
TK22,Alliance,Shaman,3,6,50,38351,13031,5,282,453,,1,dps,
TK22,Horde,Rogue,4,6,54,14411,21131,3,210,418,1,,dps,
TK22,Horde,Warlock,21,2,62,120000,98595,,210,434,1,,dps,
TK22,Horde,Warrior,11,7,47,77200,34835,2,154,404,1,,dps,
TK22,Horde,Death Knight,4,6,51,50851,23812,,40,562,1,,dps,
TK22,Horde,Warrior,5,7,44,26669,5950,2,114,548,1,,dps,
TK22,Horde,Rogue,4,7,52,53392,16724,,40,414,1,,dps,
TK22,Alliance,Warlock,8,4,55,55898,17971,1,186,469,,1,dps,
TK22,Alliance,Death Knight,9,6,49,98756,22422,2,148,453,,1,dps,
TK22,Alliance,Hunter,5,6,49,73531,6765,,50,453,,1,dps,
TK22,Alliance,Druid,7,7,50,91472,10294,,70,453,,1,dps,
TK22,Horde,Hunter,1,8,49,36503,11728,4,110,558,1,,dps,
TK23,Alliance,Rogue,5,0,45,82690,4625,,50,803,1,,dps,
TK23,Alliance,Mage,1,4,40,31427,10773,5,280,565,1,,dps,
TK23,Alliance,Paladin,9,1,43,102000,26818,1,134,798,1,,dps,
TK23,Horde,Hunter,0,1,7,11562,2654,,0,109,,1,dps,
TK23,Horde,Warrior,1,4,16,46813,1761,,10,143,,1,dps,
TK23,Horde,Shaman,0,5,12,4521,33390,3,78,135,,1,heal,
TK23,Alliance,Monk,0,0,45,1611,165000,,0,803,1,,heal,
TK23,Horde,Priest,2,3,17,137000,43681,,20,145,,1,dps,
TK23,Alliance,Warrior,4,4,37,43029,7148,4,388,554,1,,dps,
TK23,Alliance,Death Knight,9,0,45,74066,25583,,90,803,1,,dps,
TK23,Horde,Mage,2,5,15,84153,18202,,20,141,,1,dps,
TK23,Horde,Warrior,3,5,15,64704,7938,,30,141,,1,dps,
TK23,Alliance,Rogue,1,2,40,18047,6606,1,38,567,1,,dps,
TK23,Horde,Warlock,3,5,15,74618,40979,1,66,141,,1,dps,
TK23,Alliance,Druid,0,2,45,1214,148000,2,128,578,1,,heal,
TK23,Alliance,Paladin,4,5,33,43566,16431,3,328,547,1,,dps,
TK23,Horde,Paladin,6,5,15,68941,13718,2,142,141,,1,dps,
TK23,Horde,Monk,0,5,15,7327,68031,1,32,141,,1,heal,
TK23,Horde,Priest,0,5,16,7564,56718,,0,143,,1,heal,
TK23,Alliance,Paladin,10,0,45,112000,13972,,100,578,1,,dps,
TK24,Alliance,Death Knight,4,4,7,38219,15746,1,76,165,,1,dps,
TK24,Horde,Druid,5,0,28,52396,2930,,50,359,1,,dps,
TK24,Horde,Demon Hunter,3,1,27,46365,7870,1,316,357,1,,dps,
TK24,Alliance,Rogue,0,3,5,31066,1719,,0,156,,1,dps,
TK24,Alliance,Druid,0,4,6,0,13970,,0,161,,1,heal,
TK24,Horde,Shaman,5,1,25,42286,2712,1,308,503,1,,dps,
TK24,Alliance,Warlock,1,3,5,27484,13215,,10,158,,1,dps,
TK24,Horde,Shaman,1,1,24,8657,52124,2,76,351,1,,heal,
TK24,Horde,Druid,2,3,25,33509,2088,1,220,353,1,,dps,
TK24,Horde,Druid,1,0,28,406,64450,,10,509,1,,heal,
TK24,Horde,Shaman,1,1,27,9464,2763,2,296,507,1,,dps,
TK24,Alliance,Druid,0,2,7,2063,40445,,0,166,,1,heal,
TK24,Horde,Warlock,5,0,28,10778,10348,1,92,509,1,,dps,
TK24,Alliance,Warlock,1,3,8,29871,8665,,10,167,,1,dps,
TK24,Alliance,Hunter,0,4,9,31992,4936,1,16,172,,1,dps,
TK24,Alliance,Druid,3,3,7,37162,0,,30,164,,1,dps,
TK24,Horde,Warlock,2,2,24,29638,11409,3,154,351,1,,dps,
TK24,Horde,Shaman,3,0,28,33035,2586,,30,359,1,,dps,
TK25,Horde,Mage,9,0,46,54490,6353,,90,546,1,,dps,
TK25,Alliance,Warrior,1,7,23,25928,1338,4,134,337,,1,dps,
TK25,Alliance,Shaman,0,4,10,24232,7826,,0,102,,1,dps,
TK25,Alliance,Paladin,5,5,25,75148,14018,,50,345,,1,dps,
TK25,Horde,Shaman,1,4,43,21173,80209,3,186,540,1,,heal,
TK25,Horde,Demon Hunter,3,3,41,51042,8672,1,38,536,1,,dps,
TK25,Horde,Priest,1,0,46,3979,143000,,10,546,1,,heal,
TK25,Alliance,Mage,1,1,30,86365,25244,,10,361,,1,dps,
TK25,Horde,Demon Hunter,11,4,40,68546,9218,3,332,535,1,,dps,
TK25,Horde,Warlock,8,3,40,74327,27260,1,184,534,1,,dps,
TK25,Horde,Monk,0,2,42,923,98697,1,44,388,1,,heal,
TK25,Horde,Mage,6,6,36,71340,4595,6,270,526,1,,dps,
TK25,Horde,Priest,1,2,43,5642,67232,2,200,390,1,,heal,
TK25,Horde,Druid,4,5,36,55777,7151,3,152,526,1,,dps,
TK25,Alliance,Rogue,1,5,26,8452,10643,4,156,350,,1,dps,
TK25,Alliance,Hunter,8,5,25,129000,10846,2,140,346,,1,dps,
TK25,Alliance,Druid,1,6,20,37121,7107,2,166,330,,1,dps,
TK25,Alliance,Priest,2,3,29,41328,13275,1,72,358,,1,dps,
TK25,Alliance,Rogue,3,8,20,63752,10578,4,208,330,,1,dps,
TK25,Alliance,Monk,7,1,29,89522,39455,,70,354,,1,dps,
